Reynier Hals|Reynier Fransz. Hals
Çağlar Çorumlu|Caglar Corumlu|Çaglar Çorumlu
Katie Fraine|Katlynn Fraine
Edward Irving Farrington|Farrington
Robert Bremner|Robert Brymer
Mathieu Sawe|Mathieu Sawe|Mathieu Kiplagat|Mathew Sawe
Ignacio Burgoa|Burgoa|Ignacio Burgoa Orihuela
Jésica Cirio|Braulio
Bob McGregor|Robert Bilsand McGregor|Bobby McGregor
Charles Knight|Author of The results of machinery,|Charles, II Knight|Charles II Knight|Charles Knight II
Víctor Manuel García Valdés|Víctor Manuel|Victor Manuel Garcia|Víctor Manuel García
Marco Visconti|The Lord
Eduard Williger|Eduard Kurt Albrecht Williger
Kōtoku|Kotoku|Emperor Kotoku|Emperor Kōtoku|孝徳天皇|Kōtoku-tennō
Ángel Simón Piorno|Ángel Francisco Simón Piorno
Louis Aston Knight|Aston Knight
Alfred Grévin|Alfred Grevin
Konrad Adenauer|Konrad Hermann Joseph Adenauer
Frank Castleman|Frank Riley Castleman
El Hadji Diouf|El-Hadji Ousseynou Diouf
F.A. Wyman|F A Wyman|F. A. Wyman
Abraham van der Waeyen Pieterszen|Abraham Pieterszen van der Wayen|Abraham Van Der Wayen Pieterszen|Abraham van der Wayen Pieterszen
Ulick Burke|Ulick Ralph Burke
Anna Akhmatova|Anna Andreyevna Gorenko|Anna Achmatova
Arkhipov Abaginsky|Arkhipov G. Abaginsky
Dominicus van der Smissen|Dominicus Van Der Smissen|Dominicus von der Smissen|Domik. van der Smisson|Domin. van der Smissen
Georg David Matthieu|Georg David Mathieu
Christie Harris|Christie Lucy Irwin‏ (per LAC)|Christie Lucy Harris
John Russell, 4th Earl Russell|John Conrad Russell, 4th Earl Russell
Marie Politzer|Maï Politzer
Karl Mandl|Mandl
Chester E. Holifield|Chet Holifield
Nikola Obrazopisov|Nikolai Obrazopisov
Halbe Sikkes Doele|Halbe Doele
Rico Bulthuis|Hans Guignoly
P. Johan H. Hurter|Johan Hurter|P. J. H. Hurter|P.J.H.Hurter
Walter M. Brackett|Bolton (pseudonym)
Mudaris Islamgaleyev|Mudaris Abdullovich Islamgaleyev
Ricardo Oscar Vanni|Vanni
Samuel Shattock|Samuel George Shattock|Samuel Betty
Linda Moulton Howe|Linda Ann Moulton
Howard Harvey|Westley Howard Harvey
Spencer Fullerton Baird|Spencer Baird
Liao Yong'an|Liao Yongan
Luis Ortiz-Catedral|Ortiz-Cat.
Pyotr Sagaydachny|Pyotr Yakovlevich Sagaydachny
Frederick Adolphus Philbrick|F.A.Philbrick
Liu Jing|Jing Liu
Dave Blaney|Buckeye Bullet
Perrine Lebuhanic|Perrine Le Buhanic
Scott Grimes|Scott Richard Grimes
Nat Moore|Nathaniel Moore
Bob Cain|Robert Cain
Gregor Šparovec|Gregor Sparovec
Horace Lecoq de Boisbaudran|Horace Lecoq de Boisboudran|Horace Lecoq De Boisbaudran
Charles Orr|Charles Andrew Orr
July Jung|Jung Joo-ri
Georgi Misharin|Georgy Pavlovich Misharin
Tamerlan Tmenov|Tamerlan Ruslanovich Tmenov
Jo Bauer-Stumpff|Johanna Bauer-Stumpff|Jo Bauer
Robert A. Pearce|Robert Alasdair Pearce
Sergey Fabrichny|Sergey Yuryevich Fabrichny
Miguel Ricardo de Álava y Esquivel|Miguel Ricardo Alava y Esquivel|Luitenant-generaal Miquel de Alava|Miguel Ricardo de Alava
George Denison, 3rd Earl of Londesborough|George Denison|George Francis William Henry Denison|George Francis William Henry Denison, 3rd Earl of Londesborough
Hermogenes Cendaña Esperon Jr.|Jun Esperon|Hermogenes y Cendaña Esperon
Ben Lassen|Benjamin Lassen
Jon Zuber|Jon Edward Zuber
William J. Purman|William Purman|William James Purman
O Muel|Omeul|Oh Muel|Oh Kyung-heon
Albert Gore|Albert Augustus Gore
Steve Barnes|Steven Leslie Barnes
Alexei Starobinski|Aleksey Aleksandrovich Starobinsky
Florentino Álvarez Mesa|Florentino Alvarez
R. Stanley Williams|Richard Stanley Williams
Fritz Chwala|Friedrich Chwalla
Roy Campbell|Ignatius Royston Dunnachie Campbell
Konstantinos Tsiaras|Κωνσταντίνος Τσιάρας
Koperen Ko|Johannes Willem Leiendecker
John Woodford|Sir John George Woodford|John George Woodford
Hasmukh Shah|Hasmukh Madhiwala
Dee|Dee Baker|Dee Summer|Dee Summers|Dee Plus
Jeong Jin|Jung Jin
Károly Huszár|Károly Huszár de Sárvár
Iwasaki Kenzo|Kenzo Iwasaki
Henry Koster|H.Kost.
Jo Myeong-hwa|Joe Moung-hwa
Bridget Fonda|Bridget Jane Fonda
Frederick Traill-Burroughs|Sir Frederick William Traill-Burroughs|Frederick William Traill-Burroughs
I.O. Buzunova|Buzunova
Kyllian Mbappe Lottin|Kylian Mbappe Lottin
Gary Bull|Gary William Bull
Ōtawara Tsunakiyo|Otawara Tsunakiyo
Nandrea Lin|Nandrea Lin Courts|Nandrea Courts|Nandrea Lin-Courts
Paul Horiuchi|Paul Chikamasa Horiuchi
Nadhanielle Simonsson|Simonsson
Gordon Tait|Gordon Thomas Tait
Robert Hartman|Robert Leroy Hartman|Bob Hartman
Oda Nobunaga|Saburo Kichihoshi
William L. Shelton|William Lee Shelton
Catherine Lucy Kennedy|Catherine Kennedy
Dmitry Bulgakovsky|Dmitry Gavrilovich Bulgakovsky
Travis Ryan|Travis Ryan Collins
James Henry Price|J.H.Price
Mark Foster|Mark Andrew Foster
Sanford Ross|Sandford Ross|Pierre Sanford, III Ross|Pierre Sanford Ross
Kō Nakajima|Ko Nakajima|中嶋 興
Edwin Encarnación|Edwin Elpidio Encarnación
Piet Damming|P. Damming
Sabbas|Savva
Mykola Protsenko|Микола Проценко
Graham Bond|Graham Francis Bond
Alexis Van Hamme|Alexis van Hamme
Natalie Coughlin|Natalie Anne Coughlin|Natalie Coughlin Hall
Kerry Wood|Kerry Lee Wood
Lambert de Hondt|Lambert de Hondt the Elder
Gareth Morgan-Jones|Morgan-Jones
Alessio Malinverni|Malinverni
Rinna Paatso|Rinna Pauliina Paatso
Dee Hsu|Xu Xidi|Xiǎo S
Theodore Hagen|Joachim Fels
Fantastic Plastic Machine|Tomoyuki Tanaka
Olivia Thirlby|Olivia J. Thirlby
Daniel Brière|Daniel Briere
Herbert Boeckl|Herbert Böckl
Robert Broderson|Robert M. Broderson
Modesto Laza Palacios|Laza
John Stewart|John Harger Stewart
Atsuko Kawada|Kawada Atsuko
Adrián Hernández|Adrian Hernandez
B.D. Rance|Rance
Hamdi Ulukaya|Owner of Chobani
Beverly Pepper|Beverly Stoll Pepper|Beverly Stoll|E. Pepper
Hanna Szymanska|Szymanska
Mikhail Romadin|Mikhail Nikolayevich Romadin|Михаил Николаевич Ромадин|Mikhail Nikolaevich Romadin|Michail Nicolaievich Romadin
Marco Liberi|Marcus Liberi
Tina Joemat-Peterson|Tina Joemat|Tina Monica Joemat|Tina Monica Joemat-Peterson
Jeffrey B. Straubel|JB Straubel|Jeffrey Straubel|Jeffrey Brian Straubel
Jim Adduci (baseball, born 1985)|James Charles Adduci
Robert of Swaffham|Robertus de Swapham
Kaori Shimizu|清水香織
Karyn Dwyer|Karyn Elizabeth Dwyer|Karyn O'Dwyer
Robert Luther|Karl Theodor Robert Luther
Peter Marx|Peter Slutsker
Sten Selander|Selander
Arthur Burrington|Arthur Alfred Burrington|Arthur Alfred R. I. Burrington
Julius Hinterhuber|J.Hinterh.
Moon Sung-keun|문성근|Moon Seong-keun
Juan M. Arellano|Juan Marcos Arellano y de Guzmán
Ernst von Schiller|Ernst Friedrich Wilhelm Schiller|Ernst Friedrich Wilhelm von Schiller
Derek Daly|Derek Patrick Daly
(Georg) Emil (Carl Christoph) Schuez|Schuez
Piers Corbyn|Piers Richard Corbyn
Nikolai Bardin|Nikolay Vladimirovich Bardin
Nicholas Trübner|Nikolaus Trübner
Andrey Chakheyev|Andrey Leonidovich Chakheyev
Pierre-Edouard Dagoty|Pierre Edouard Gauthier d'Agoty|Pierre Edouard Gautier d'Agoty|Pierre Edouard Gautier-Dagoty
Joyanne Bracewell|Dame Joyanne Winifred Bracewell|Joyanne Winifred Bracewell|Joyanne W. Bracewell
Sven Gustaf Krister Gustafson Blomquist|Blomq.
Jebe|Jebei
Danijel Petrović|Daniel Petrovic
Vladimir Dolinskiy|Vladimir Abramovich Dolinskii
Luis Otaño|Luis Otano
Hong Yu|Yu Hong
Leonid Andreyev|Leonid Grigoryevich Andreyev
Olivia Williams|Olivia Haigh Williams
Yelena Panova|Yelena Viktorovna Panova|Elena Panova
Andy Bell|Andrew Piran Bell
Jean-François de Galaup, comte de La Pérouse|Jean-François de Galaup, comte de Lapérouse|Jean-François de Galaup
Michael Fourman|Michael Paul Fourman
James Keith Triplett|Triplett
Michael Yurchak|Mike Mycheck|P. Michael Yurchak
David Klimek|David E. Klimek
Joseph W. White|Joseph Worthington White
Philip Douglas Magnus|Philip Magnus|Philip D. Magnus
Alexander Chernoivanov|Aleksandr Petrovich Chernoivanov
Vasily Baranov|Vasily Grigoryevich Baranov
Ruslan Bolov|Ruslan Khasinovich Bolov
Buddy Morrow|Muni Zudekoff|Moe Zudekoff
Albert II, Duke of Austria|Albrecht II.|Albrecht II
Catherine Ursula of Hohenzollern-Hechingen|Catherine Ursula
Marc Godeau|Godeau
Stepan Pachikov|Stepan Aleksandrovich Pachikov
Walter Butler Wilkinson|Walter Wilkinson
Duncan Bannatyne|Duncan Walker Bannatyne
Professor Shiryu|Prof.Shiryu
Manuel Gutiérrez Nájera Mendoza|Manuel Gutiérrez Nájera
Margit G. Babos|Babos
Johann Baptist Fischer|J.B.Fisch.
Napoleon Cybulski|Napoléon Cybulski
Norris Cole|Norris Gene Cole II
Momin Khawaja|Mohammad Khawaja
Jean Joseph Labrie|Labrie
Irving Norman|Irving H. Norman|Irving Noachowitz
Michael Coleman|Michael Blaine Coleman
Nick Thoman|Nicholas Brewer Thoman|Nicholas Thoman
Gerrit de Broen|Gerrit de Broen (Jr.)|Gerrit de Broen (II)
KEI|Kei Garou
Dustin Pedroia|Dustin Luis Pedroia
Henriëtte Maassen van den Brink|H. Maassen van den Brink
Biagio Bartalini|Bartal.
Jenny Preece|Jennifer Preece|Jennifer J. Preece
Dmitry Moskalyov|Dmitry Yegorovich Moskalyov
Alan Christopher Leslie|A.C.Leslie
Ivan Abarenkov|J. Abar
Richard Holbrooke|Richard Charles Albert Holbrooke
Roberto Garzelli|Rosignano Marittimo
Peter Forsskål|Forssk.|Forsskål
Raoul Émile Blondel|Raoul Brunel|Discoride
Kim Ung-yong|Kim Ungyong|김웅용
Thomas Graham Jackson|Sir Thomas Graham Jackson, 1st Baronet
Aleksey Andreyev|Aleksey Valeryevich Andreyev
Franz Streitt|Franciszek Streitt|Francisek Streitt
Nicolae Andrușcă|Nicolae Andrușca
Jevgenia Lalenkova|Jevgenia Dmitrijeva|Jevgenia Lalenkova-Dmitrijeva
Irene Manton|Manton
Thomas Harris Block|Thomas H. Block
Miryam B. Kutner|Kutner
Devesh Chandra Pandey|D.C.Pandey
Lauren|Laureano Bisan Etame Mayer|Laureano Bisan Etame-Mayer
Charles D. Baker|Charles Duane Baker
Don Edwards|William Donlon Edwards
Franz Buxbaum|Buxb.
Gary Goodridge|Gary Henry Goodridge
Eduard Friedrich Poeppig|Eduard Friedrich Poppig|Poepp.
Jo Geung-ha|Jo Keung-ha
John Buck|Johnathan Richard Buck|Buck, Johnathan Richard
Matt Granovetter|Matthew Granovetter
Robert Hunter|Robert, I Hunter|Robert I Hunter
Mikhail Ivanov|Mikhail Yefimovich Ivanov
William Penn Rich|W.P.Rich
Darley Pérez|Darleys Perez
Robert J. C. Young|Robert James Craig Young
Joseph Fassbender|Josef Fassbender
Franz Hanfstaengl|Franz Hanfstängl|Franz Hanfstingl|Franz Seraph Hanfstaengl|Franz Seraph Hanfstängl|Franz Seraph Hanfstangl|Franz Hanfstaengel|Franz Hanfstängel|Franz Seraph Hanfstingl
Thomas Davis|Thomas Antonio Davis
Inge Maux|Ingeborg Christine Wöchtl
David Hoffmann|The Hoff
Konstantin Khudyakov|Konstantin Vasilevich Khudiakov
Antonio D'Antoni|Antonio D' Antoni
Yang Yansheng|杨雁盛|Yansheng Yang
Zakhar Trubakov|Zakhar Abramovich Trubakov
María Montserrat Martínez Ortega|M.M.Mart.Ort.
Jack Cuzick|Jack Martin Cuzick
Marina Nemet|Marina Nemet-Brankov
H. George Ivatt|Henry George Ivatt|George Ivatt
Earl Hines|Earl Kenneth Hines|Earl Fatha Hines
Louise Herschman Mannheimer|Louise Herschman
Robert Peter Laurie|Robert Peter Laurie
Herwig Röttl|Herwig Rottl
Xie Lingyun|Xie Kanglo
Howard J. Curtis|Howard Curtis
Gennady Bashtanyuk|Gennady Sergeyevich Bashtanyuk
Johnny Hon|Johnny Sei-Hoe Hon|Dr. Johnny Sei-Hoe Hon
Carlyle Wilson Bennett|C.W.Benn.
Sotirios Pantaleon|Sotiris Pantaleon
John Hessin Clarke|John Clarke
Carlos Pulido|Juan Carlos Pulido
Mike Meyers|Michael Gregory "Mike" Meyers
Matt Doyle|Matthew Finnen "Matt" Doyle|Matthew Finnen Doyle
Gary Busey|William Gary Busey
Reginald Mohun|Reginald Mone
Valery Falunin|Valery Vasilyevich Falunin
Robbie Savage|Robert William Savage
 Lisa Eisler |Lisa Coburn|Lisa Coburn Eisler
Josef Schuster|Joseph Schuster
Luiz  Araújo Góes|L.A.Góes
Anatoly Pakhomov|Anatoly Nikolayevich Pakhomov
Johan Hagelbäck|Johan Hagelback
James B. Comey|James Brien Comey, Jr.
John Pringle|John Christian Pringle
Reggie Miller|Reginald Miller|Reggie|Reginald Wayne Miller|Reginald Wayne "Reggie" Miller
Henry Augustus Pilsbry|Pilsbry|Henry Pilsbry|Harry Pilsbry
Derrick White|Derrick Ramon White
Marina Rusakova|Marina Aleksandrovna Rusakova
Elizabeth Younge|Elizabeth Pope
Texas Jack|Texas Jack Jr.
Alison Valerie Kellow|Kellow
Clemen|Clemen ap Bledric
Esko Salminen|Esko Jalo Toive Salminen
Charles Raymond Alcock|Alcock
Humphrey Walden|Humphrey de Waleden|Sir Humphrey Walden|Sir Humphrey de Waleden
G.P. Basappa|Basappa
John Cox|John Coxe|John Cockis
William C. Campbell|William Cecil Campbell|William Campbell|W. C. Campbell|W.C. Campbell
Salma De Nora|Salma Caldera. Salma
Miloje Brajković|Miloje M. Brajković
Eva McGown|Eva Montgomery
Englebert Roger Hondelink|Englebert Hondelink
Brad Kiltz|William Bradley Kiltz
Leslie Hotson|J. Leslie Hotson|John Leslie Hotson
Gennady Kolomensky|Gennady Vasilyevich Kolomensky
Arcadio Poveda|Renán Arcadio Poveda Ricalde
Sir William Lawrence, 5th Baronet|William Lawrence
Stanisław Ulam|Stanislaw Ulam
Yōhei Kōno|Yohei Kono
Christina Flann|Flann
Jay Pinckney Hester|J. Pinckney Hester|John Pinckney Hester|Hester
Chellapilla Venkata Rao|Venk.Rao
Terry Tong|Tong Kay Ming|Ky Ming Tong
Bob Harlan|Robert E. Harlan
Francis Doe|Francis Forkey Doe
Emile Gos|Émile Gos
Dmitri Karsakov|Dmitry Borisovich Karsakov
Michael Kapovich|Misha Kapovich
George Gunnar Marklund|Markl.
James Rivett-Carnac|Sir James Rivett-Carnac, 1st Baronet
Zoja Yudina|Zoia Borisovna Iudina
George Worsley Adamson|George Adamson
John Bain Mackay|J.B.Mackay
Zulkiflee Anwar Haque|Zunar
Altfried|Altfrid
Prince Hoare|Prince Hoare II|Prince, II Hoare
Jim Jarmusch|James Roberto "Jim" Jarmusch|James Roberto Jarmusch
Garrett Raboin|G-Train
Marian Dziędziel|Marian Dziedziel
Émile Brumpt|Brumpt|Emile Brumpt
Nassef Sawiris|Nassef Onsi Sawiris
Culmin|Culmin ap Petroc
Ferdinand Leopold Karl von Biedenfeld|Biedenf.
Max Treu|Max Fromhold-Treu
Mstislav Afanasyev|Mstislav Platonovich Afanasyev
Nuno Gonçalves|Nuño Gonçalves|Nuno Goncalves|Nuno Goçalves
Amédée Fouillade|Fouill.
Isabella Fyvie Mayo|Edward Garrett
Johann Balthasar Bullinger|Johann Balthasar, I Bullinger|Johann Balthasar Bullinger I|Van Billinger
Alexander Pushnin|Aleksandr Tikhonovich Pushnin
Richard Schoonhoven|R.H.G. Schoonhoven|Richardus Hendrikus Gerardus Schoonhoven
Yun Seung-hun|Yoon Seung-hoon
Sir William ffolkes, 2nd Baronet|William Browne Folkes
Lorenz Hart|Lorenz Milton Hart
Antoine-Louis Barye|Antoine Louis Barye|Antoine Barye
Giovanni Pascutto|Giovanni Bongiorno
Heinrich Keller|Heinrich, II Keller
J. H. Morgan|John Hartman Morgan|John Morgan
Margaret Flockton|Margaret Lilian Flockton
Eleanor Greatorex|Elizabeth Eleanor Greatorex|Eliza Greatorex
Boris Knyazev|Boris Knyazev
Yelena Solovyova|Yelena Vasilyevna Solovyova
Tom Ogle|Thomas Hans Werner Peter Wolfgang Dinglestadt Ogle|Thomas Ogle
Miguel Ángel Angulo|Eliaa
Björn Böhning|Björn Lars Böhning
Jumbo Díaz|Jumbo|Jose Rafael "Jumbo" Diaz
Georg Kopprasch|C Kopprasch
George Price Boyce|George Price Boys|G. P. Boyce
Maureen Watson|Aunty Maureen
Nathaniel Colgan|Colgan
Alfredo Varela|Alfredo Augusto Varela de Vilares
Jerome Blum|Jerome S. Blum
Arthur Barclay|Barclay
William Robert Prince|W.R.Prince
Karl Paul Themistokles von Eckenbrecher|Themistokles von Eckenbrecher|Karl Paul Themistocles Von Eckenbrecher|Karl Paul Themistocles von Eckenbrecher
Ondjaki|Ndalu de Almeida
George Taggart|George McGrory Taggart
Laura Bailey|Laura Dawn Bailey
Josef Hofmann|Josef Casimir Hofmann
Vojtěch Kubašta|V. Kubašta
Stig (Gunnar Anton) Waldheim|Waldh.
Ágoston Pável|Avgust Pavel
Andrew Garton|Andrew Richard Matthew Garton
Nafi ibn al-Azraq|Nafi' ibn al-Azrak
Jerónimo Elavoko Wanga|Jeronimo Elavoko Wanga
Georgy Kert|Georgy Martynovich Kert
Robbie Ryan|Robert Paul Ryan
Pyotr Sheremetev|Pyotr Borisovich Sheremetev
Atli Þór Héðinsson|Atli Thór Hédinsson
Uwe Blab|Uwe Konstantine Blab
Herbert B. Maw|Herbert Brown Maw
Vadim Grachyov|Vadim Viktorovich Grachyov
Serenity|Serenity Wilde
Georg Lous|Georg Fredrik Hallager Lous
Joseph Tong Changping|Tong Changping
Paolo Anesi|Paolo Anese
John James Raven|John Raven
Dudley North, 7th Earl of Guilford|Dudley North|Dudley Francis North|Dudley Francis North, 7th Earl of Guilford
James Forrestal|James Vincent Forrestal
Bill Veeck|"William Louis Veeck, Jr."
Bill Thompson|William R. Thompson
James Massy|Hon. James Massy|James Massy-Dawson|Hon. James Massy-Dawson
Julio Jiménez|Julio Jimenez|Julio Jiménez Muñoz
John Walter|John McNeill Walter
V.L. Hasenbusch|Hasenb.
Barbara Leonard Reynolds|Barbara Reynolds
Seiji Kurata|Kurata Seiji
Roger Vandemaele|Roger Van De Maele
Niklas Gudmundsson|Niklas Lars Roger Gudmundsson
Don Dobie|James Donald Mathieson Dobie
Nevil Story Maskelyne|Mervyn Herbert Nevil Story Maskelyne|Mervyn Herbert Nevil Story-Maskelyne|M. H. Nevil Story-Maskelyne|Nevil Story-Maskelyne|Mervin Herbert Nevil Story Maskelyne
Ron Fien|Lt. Ron Fien USCG
Nikolay Churinov|Nikolay Mefodyevich Churinov
Juan Nieto|Juan Pablo Nieto
Charlie|Károly Horváth
Tina Stuerzinger|Tina Stürzinger
Randal Grichuk|Randal Alexander Grichuk
Friedensreich Hundertwasser|Friedrich Hundertwasser|Fritz Hundertwasser|Friedrich Hundertwassser|Fritz Stowasser|Friedensreich Hundertwassser|Hundertwasser|Friedensreich Stowasser|Friedrich Stowasser
Friedrich Lahrs|Johann Ludwig Friedrich Lahrs
Larnell Cole|Larnell James Cole
Baba Lybeck|Barbara Lybeck
Alexander Shcherbakov|Alexander Sergeevich Shcherbakov
Jacobus Vonck|Jacobus Vonk
James Lynam Molloy|James Molloy
Yamaji Akiyoshi|Yamaji Ichirō
Emma Morano|Emma Morano-Martinuzzi|Emma Martina Luigia Morano
Joseph Coat|Job Joseph Coat
Jimmy Cringan|James Anderson Cringan
Irina Timofeyeva|Irina Nikolayevna Timofeyeva
Hugo Miehe|Miehe
Suga|Min Yoon-Gi|Min Yun-Gi|min Yoongi
Sir David Llewellyn, 1st Baronet|David Llewellyn|Sir David Llewellyn|David Richard Llewellyn|Sir David Richard Llewellyn|Sir David Richard Llewellyn, 1st Baronet
Alchabitius|Abdelazys|Alcabitius|Al-Qabisi|Abû al-Saqr al-Qabîsî 'Abd al-'Azîz ibn Uthmân|Abu al-Saqr al-Qabisi 'Abd al-'Aziz ibn Uthman|Alchabiz
Eric Wall|Eric St Quintin Wall
Francis Egerton, 1st Earl of Ellesmere|Lord Francis Leveson-Gower|Francis, 1st Earl of Ellesmere Egerton|Francis Egerton|Francis Egerton, Earl of Ellesmere|Earl of Ellesmere Francis Egerton|Francis Leveson-Gower|[1st] Earl of Ellesmere|Francis, Viscount Brackley Egerton
Alexander Finberg|Alexander Joseph Finberg
Kenneth E. Johnson|Ken Johnson|Kenneth Johnson
Tsuguharu Foujita|Tsugouharu Foujita|Reonāru Fujita|Tsugouharu Fujita|Leonard Foujita|Tsugouharu Leonard Foujita|Tsuguharu Fujita|Fujita Tsuguji|Léonard Foujita|Leonard Tsuguoharu Foujita|Léonard-Tsuguhara Foujita|Fujita|Foujita|Léonard-Tsuguharu Foujita
Hermann Finsterlin|Prometh
Andreas Lindblom|Andreas Adolf Frederik Lindblom
Hyde Parker|Sir Hyde Parker
Chicago Cubs minor league players|Christian Villanueva
Pharaon de Winter|Pharaon De Winter|PharaonAbdon Léon Winter
T. J. McFarland|Timothy J. McFarland|Timothy John McFarland
Josef Šourek|Šourek
William Parry|William Parrie
Akiko-naishinnō|Teruko-naishinnō|Akiko Naishinnō|Teruko Naishinnō|Imperial Princess Akiko|Imperial Princess Teruko
Anna Dorothea Filenia|Anna Dorothea Älf
Jarmo Kytölehto|Jarmo Kytolehto
Sam Mokuahi, Jr.|Sam Steamboat
Jean-Philippe Castillon|J.-P.Castillon
Enyelbert Soto|Enyelbert Noriel Soto
Eduardo Santamarina|Gabriela
Jackie Mekler|Jack Mekler
Jordan Corvée|Jordan Corvee
Grigoriy Nikolaevich Postnikov|Grigoriy Postnikov
Veijo Pasanen|Veijo Antero Pasanen
Timothy Olyphant|Timothy David Olyphant
William Young of Kirkcaldy|W.Young Kirkc.|William Young
Peter Michaelis|Michaelis
Michael D. O'Hara|Michael Doyle O'Hara
Jiří Váňa|Váňa
Reno Lim|Reno G. Lim
George H. Morgan|George Morgan
Aleksey Petrov|Aleksey Vasilyevich Petrov
Paul Thompson|Paul Stanford Thompson
Dat Nguyen|Dat Tan Nguyen
Damad Hasan Pasha|Moralı Damat Hasan Pasha
Lee Wan|Kim Hyung-soo|Kim Hyeong-su|이완|김형수
W. K. Burton|William Kinnimond Burton|William Kinninmond Burton
Sam Tsang|Sam Tsang Hong Sang
Huang Jing|Yu Qiwei
David Connolly|David James Connolly
Charles Cros|Charles Emile-Hortensius Cros
Giacomo Ceruti|il Pitocchetto|Giacomo Antonio Ceruti|Il Pitocchetto|Pitocchetto|Il Pittocchetto|Giacomo Il Pitocchetto|Jacobus Ceruti|Jacopo Ceruti
Aleksandr Belenky|Aleksandr Gedalyevich Belenky
Alice Gray|Alice E. Gray
Henry Theodore Tuckerman|Henry T. Tuckerman
Léonin|Leoninus|Magister Leoninus|Leonin
Gyula László|Gyula Laszlo
Luis Lopez|Luis Antonio Lopez
Cem Vural|C.Vural
Michael Turner|Michael H. Turner|Mike Turner
Buu Hoi|Hoi Buu|Prince Nguyễn Phúc Bửu Hội|Nguyễn Phúc Bửu Hội|Bửu Hội
Jakob Friedrich Ehrhart|Ehrh.
René Bouché|René Robert Bouché|Rene Bouché|R. Bouche
Thomas Hughes|Thomas John Hughes|Adfyfr
Ferdinand I, Holy Roman Emperor|Emperador del Sacro Imperio Romano Germánico Fernando I|empereur germanique Ferdinand I|Kaiser Ferdinand I. Heiliges Römisches Reich|Holy Roman Emperor Ferdinand I|imperatore del Sacro romano impero Ferdinand I|Emperor of Germany Ferdinand I
Sergei Kosov|Sergey Andreyevich Kosov
László Kiss|Laszlo Kiss
Elli Parvo|Elvira Gobbo
Ziauddin Rizvi|Shaheed Agha Ziauddin Rizvi
John Klein|John McLaughlin Klein
John I|Pope John I|John|Pope John|Ioannes I
Berthold Ernst Friedrich Thomas|B.Thomas
Bhavdish Narain Johri|B.N.Johri
Johannes Justus Montijn|J.J. Montijn
Aleksandr Formozov|Aleksandr Aleksandrovich Formozov
Victor Maljutin|Viktor Maljutin|Victor Malyutin|Viktor Malyutin
Kano|Kane Robinson
Pippa Funnell|Philippa Rachel Funnell
John Barnes|John Barnes, Jr.
Ēriks Miļuns|Eriks Miluns
Whitney Jennings Oates|Whitney J. Oates
Sir Robert Preston, 6th Baronet|Robert Preston|Sir Robert Preston
Zhenge Khatan|Zhenge
Michael David Jackson|Mike Jackson|General Sir Michael David Jackson|Sir Mike Jackson
David Lee|David Emmer Lee
Svetlana Kutsenko|Svetlana Yakovlevna Kutsenko
Sarah Palfrey Cooke|Sarah Palfrey|Sarah Hammond Palfrey
L.G. Simonovicz|Simonov.
Annie Besant|Annie Wood Besant|Annie Wood
Catharine Trotter|Author of A defence of Mr. Lock's Essay on humane understanding,|Catharine Cockburn|Catharine Trotter Cockburn
Hiroki Eto|Hiroki Etō
Þórir Hámundsson|Thórir Hámundsson
Theophanis Lamboukas|Théo Sarapo
Monika Kircher|Monika Kircher-Kohl
Theodor Holtmann|Holtm.
Mauro Icardi|Mauro Emanuel Icardi Rivero
Ivan Gobozov|Ivan Arshakovich Gobozov
Lelyana Daisy Chandra|Leylana Daisy Chandra|Leyana Daisy Chandra|Leyliana Daisy Chandra
József Tóth|Tóth József
John Mayer|John Clayton Mayer
Harris Barton|Harris Scott Barton
Robert Beauchamp|Bob Beauchamp
Mirosław Bałka|Miroslaw Balka|Miroslav Balka
Anatoly Stepanov|Anatoly Yakovlevich Stepanov
Peter Canisius|Peter Canisius, S.J.
John Raphael Smith|J. R. Smith|John Raphael Symth|J. R. Symth
César Navas|César González Navas
Velasco Vitali|Velasco
David Thomas|D.Thomas
Kyōko Tōyama|Kyoko Toyama
Ilya Zubov|Ilya Igorevich Zubov
Stephen Fasano|The Magician
Henri II de Rohan|Henri, Duke of Rohan|Henri II of Rohan|Duke Henry II of Rohan
Howard Temin|Howard Martin Temin
Peggy Richter|Peggy Hampel
Kah Hoo Lau|K.H.Lau
William Bailey|William Norton Bailey
Marie Ginzová|Marie Dolanská
Ayinde Jamiu Lawal|Ayinde Lawal
John Leith|John Farley Leith
Ian Arthur Hoyle Munro|Ian Munro
Edward E. Leamer|Edward Emory Leamer
Rabbeinu Tam|Jacob ben Meir|Rabbi Jacob ben Meir|Yaakov ben Meir
Gaius Musonius Rufus|Musonius Rufus
Anna Nagata|Nagata Anna
Rowan Barbour|Michael Rowan Harvey Barbour
Corin Nemec|Corin "Corky" Nemec
Hans Conrad Schellenberg|Schellenb.
Benjamin Haldane|Benjamin A. Haldane|Benjamin Alfred Haldane
Roger Waters|George Roger Waters
Dariusz Jabłoński|Dariusz Jablonski
Martti Talvela|Martti Olavi Talvela
Vladimir Ryabinin|Vladimir Nikolayevich Ryabinin
Bettie Page|Bettie Mae Page|Queen of Pinups
Jaume Sobregrau|Jaume Sobregrau Mitjans
Peter G. Klein|Peter Klein
Lyman Emmet Kipp, Jr.|Lyman Kipp
Theo Balden|Otto Koehler
Maikol Hernández|Maikol Hernandez
Aki Kaurismäki|Aki Olavi Kaurismäki
Franklin O. Barnes|Franklin Osgood Barnes
Giacomo Gresino|Gresino
Shion Kabasawa|Nobuyuki Sasaki
James Paul Donahue, Jr.|Jimmy Donahue
Norman Kirk|Norman E. Kirk|Norman Eric Eirk
Pomponius Bassus|Tiberius Pomponius Bassus
Joseph Bruno Aimé Miville Déchêne|Joseph Bruno Dechene
Mike Rodgers|Michael Rodgers
François Simon Cordier|Cordier
Nuno Nazareth Fernandes|Nuno Nazaré Fernandes
Robert J. Hargrove|Robert Jefferson Hargrove, Junior
Zoot Money|George Bruno Money
Jin Kyeong|진경|Jin Kyung|陳慶
Ishbel Hamilton-Gordon, Marchioness of Aberdeen and Temair|Ishbel Marjoribanks|Ishbel Hamilton-Gordon|Isbel Lady Aberdeen and Temair
K. H. Scheer|Karl Herbert Scheer
Richard Farleigh|Richard Buckland Smith
Jude Célestin|Jude Celestin
Emilie Ringseis|Emilie von Ringseis
Jack O'Brien|Jack Edward O'Brien
Vladimir Aleksandrov|Vladimir Leonidovich Aleksandrov
Julia Soaemias|Julia Soaemias Bassiana
Abdel Moneim Aboul Fotouh|Abdel Monim Abou el-Fotouh|AbdElMonem Abul Futuh|Aboul Fotouh|Fotouh|Abdul Moneim Aboul Fotouh|Abolfotoh|Abouel Fotouh
Bojana Radulović|Bojana Radulovics
A. C. Crispin|Ann Carol Tickell
Daniel Johnson|Johnson the Terror|The Juggernaut
Abdulaziz bin Abdullah|Abdulaziz bin Abdullah Al Saud
Rose Cornish|Rose Archer
Ceobred|Ceolred
Mitchell Greenberg|Mitch Greenberg
Peter Flack|Peter Hamilton Flack
Kim Min-jong|김민종
Szczęsny Koziebrodzki|Szczęsny Emeryk Koziebrodzki
Vladimir Pokatayev|Vladimir Ivanovich Pokatayev
Théophile Deyrolle|Théophile Louis Deyrolle|Theophile-Louis Deyrolle|Théophile-Louis Deyrolle
George Ariyoshi|George Ryoichi Ariyoshi
Juan Suescún|Juan Suescun
Frederick Rolfe|Fr. Austin|Baron Corvo Rolfe|Frederick William Rolfe|Baron Corvo
Ferdinand Fußl|Ferdinand Fussl
Graciela Lecube|Graciella Lecube|Raquel Haydee Wilensky
Franz von Persoglia|Franz Von Persoglia
Boris Durov|Boris Valentinovich Durov
Władysław Sikorski|Wladyslaw Sikorski
Hornakht|Harnakht
Bohemond I of Antioch|Boamund|Bohemund I
Philip Jones of Fonmon|Philip Jones|Philip Jones, Lord Jones
Moises diaz|Darwin Daniel Machis Marcano
Charles Octave Blanchard|Charles-Octave Blanchard|Charles Blanchard
Enid Marx|Enid Crystal Dorothy Marx
Ignaz von Voith|Voith
Ove Erik Eriksson|O.E.Erikss.
Charles Edward Hallé|Charles Halle|Charles Edward Halle
Andreas Lixl|Andreas Lixl-Purcell
Randy Allen|James Randall Allen
Peter Allday|Peter Charles Allday
Muriel Box|Muriel Baker
Lessing J. Rosenwald|Lessing Julius Rosenwald
Son'yu Ōtani|Ōtani Son'yu
Reinhold Nägele|Reinhold Nagele
Lin Thorp|Lin Estelle Thorp
V.I. Perfiljeva|Perfiljeva
Gordon Gilkey|Gordon Waverly Gilkey
Georgy Zubkov|Georgii Ivanovich Zubkov
Abbé Faria|Abbe Faria|Abbe faria|José Custodio de Faria|Jose Custodio de Faria
Otto Lehmann|Otto Lehman
Cathelijne Montens|C. Montens
Aquilla Coonrod|Aquilla Conrad Aquilla Coonrad
Mykhailo Andriienko-Nechytailo|Mikhail Fedorovich Nechitaĭlo- Andreenko|Mikhail Andreenko|Mikhail Fedorovich Andreenko|Michel Andreenko|Mykhaĭlo Nechytaĭlo-Andrii︠e︡nko|Mikhail Fedorovich Andreenko-Nechitaylo|Mikhail Fedorovich Nechitaĭlo-Andreenko|Mykhaĭlo Andrii︠e︡nko|Mykhaĭlo Nechytaĭlo- Andrii︠e︡nko|Mykhaĭlo Andrii︠e︡nko- Nechytaĭlo|Mykhailo Andriienko|Mykhaĭlo Andrii︠e︡nko-Nechytaĭlo
Margareta Gryzell|Greta Carin Gryzell
Laureana Wright de Kleinhas|Laureana Wright de Kleinhans
Eugène Delacroix|Ferdinand Victor Eugène Delacroix|Ferdinand-Victor-Eugène Delacroix|Ėzhen Delakrua|Ĭozhen Dʹolakroa|Ferdinand-Victor-Eugene Delacroix|Eugene Delacroix|יוג'ין דלקרוא|Ferdinand-Eugène-Victor Delacroix|Ūjīn Dīlakruwā|Ferdinand Victor Eugene Delacroix|Eugenios Ḏelakroua|דלקרוא|Ūjēnu Dorakurowa
Edmond Fung|Edmond Fung Yuen-man
Patsy Cline|Virginia Patterson Hensley
Brioc|Briog|Briavel|Briomagl|Briomaglus.
Bernhard Studer-Steinhäuslin|Stud.-Steinh.
James Flewitt Mullock|J. F. Mullock
Zhu Yiqing|Yiqing Zhu
Basilius von Ramdohr|Friedrich Wilhelm Basilius von Ramdohr|Friedrich Wilhelm Basilius Ramdohr Baron von|Friedrich Wilhelm Basilius, Baron von Ramdohr|Friedrich Wilhelm Basilius Ramdohr|Friedrich Wilhelm Basilius-Von Ramdohr
Egon Köhler|Eg.Köhler
Brad Euston|Ettore Elio Aricò
Heinz Christian Pander|Pander
Barnett Samuel Marks|Bernard Samuel Marks
Lloyd R. Welch|Lloyd Richard Welch|Lloyd Welch
Yū Kimura|Yu Kimura
Ihor Kalinin|Igor Olegovich Kalinin
Alan Buckley|Alan Peter Buckley
Hans Peter Hochstaffl|Staff
Leontyne Price|Mary Violet Leontyne Price
Jacques Soulaire|Soulaire
Alexander von Kleist|Henning Alexander von Kleist
Maksim Maksimov|Maksim Sergeyevich Maksimov
Andrew Bird|Andrew D. Bird
Kazuro Watanabe|Watanabe Kazuo
Rosi Sailer|Rosl Sailer
Lewis M. Allen|Lewis Maitfield Allen
Robert Cecil|Edgar Algernon Robert Gascoyne-Cecil|Lord Robert Cecil|Robert Cecil, 1st Viscount Cecil of Chelwood|Edgar Algernon Robert Gascoyne Viscount Cecil of Chelwood
Max E. Medley|Medley
Aleksandr Krasnikov|Aleksandr Nikolayevich Krasnikov
Raimondas Vilčinskas|Raimondas Vilcinskas
Francis I of the Two Sicilies|Francesco I
Claus-Ekkehard Bärsch|Claus-Ekkehard Baersch
Luca d’Andrea della Robbia|Luca della, The Younger Robbia
Stanisław of Skarbimierz|Stanislaw of Skarbimierz
David Edward Coombs|David Coombs
David Giuntoli|David C. Giuntoli
George Thomson|G.Thomson
Glenn W. Most|Glenn Warren Most|Glenn Most
Nostradame|Michel de Nostredame|Michel Nostradamus
Sydney Howard Vines|Sidney Howard Vines|Vines
Yevgeny Dyakonov|Yevgeny Georgiyevich Dyakonov
Mary Brazier|Mary Agnes Burnston Brazier
Marcelle Bordo|Céline Bourdiaux
Rudolf Lothar|Rudolph Lothar
John Toner|John L. Toner
Edmund Calamy|Edmund Calamy the elder
Nestor Javier García|Nestor Javier Garcia
Go Soo-hee|Go Su-hee|고수희|Go Su-hi
François Dubois|Francois Dubois
Denis Wellesley, 5th Earl Cowley|Denis Wellesley|Denis Arthur Wellesley|Denis Arthur Wellesley, 5th Earl Cowley
Paul Hasluck|Paul Meernaa Caedwalla Hasluck|Sir Paul Hasluck|Sir Paul Meernaa Caedwalla Hasluck
Robert W. Holley|Dr Robert W. Holley
Tirunesh Dibaba|Tirunesh Dibaba Kenene
Paul Sadler|Paul Lindsey Sadler
Pauline Lesley Perry|P.L.Perry
Athanasius Sandalaya|Athanase al-Sandali
Kil Hae-yeon|Gil Hae-yeon|Kil Hae-yun
Carina Julia Kaschner|Carina Kaschner
Quintus Ogulnius Gallus|Quintus Ogulnius L.f. Gallus
John Knight|John George Knight
George Washington Lambert|George W Lambert|George W. Lambert|George Lambert|George Washington Thomas Lambert
Manuil Shechtman|Manuil Iosifovich Shekhtman
Kristina Elez|Kristina Franić
Matilda of Scotland|Edith
Charles William Russell|Charles Russell
Khakim Fuzailov|Khakim Kayumovich Fuzaylov
Natalia Zdebskaja|Natalia Leonidovna Zdebskaia
Parviz Yakhyayev|Parviz_Yakhyayev
Dntel|James Scott "Jimmy" Tamborello|James Scott Tamborello
Cyrus Vance, Jr.|Cyrus Roberts Vance, Jr.
Hans Schreiber|H.Schreib.
Philip de Barry|Philip of Barry
Georg (Adolf) Ritschl|Ritschl
Rudolph Valentino|Rodolph Valentino
Judith Durham|Judith Mavis Cock
Charles Mendl|Charles Ferdinand Mendl
Avgust Grigoryevich Gerke|August Gerke|August Herke
Edward Davies|Davies, Edward, 1756-1831|Edward "Celtic" Davies
Herb Kruckman|Herbert Kruckman
Pavel Stolbov|Pavel Afanasyevich Stolbov
Sara Maria van der Steur|Marie van der Steur|Moe van der Steur
René Leboime|Leboime
Alfred Teumer|Fred Teumer
Alexander Alexeev|Aleksandr Vyacheslavovich Alekseyev
Richard J. Kerry|Richard John Kerry
Count Camillo Marcolini|Camillo Marcolini|Camillo, Graf Marcolini
Lidia Biondi|Lydia Biondi
Efraim Szreger|Efraim Schroeger|Efraim Sregier|Ephraim Sregier|Efraim Sreygier|Ephraim Schröger|Efraim Schröger|Ephraim Sreygier|Ephraim Szreger|Ephraim Szregier|Efraim Szregier
Gabriel Blanchard|Louis Gabriel Blanchard|Louis Blanchard
Stanisława Pawłowska|Pawłowska
Daniel Hudson|Daniel Claiborne Hudson
R. S. Stone|Rolf Steimke
Klaus Gilmer|Gilmer
Louisa Pyne|Louisa Bodda-Pyne
Eric Milton|Eric Robert Milton
Max (Adalbert Theodor Eugen) Vogtherr|Vogtherr
DJ Black|Ricardo Alexander O’Neil Weeks
Roy T. Williams|R. T. Williams|Roy Tilman Williams
Daniel O'Connell|Daniel O'Connell, Jr.
Lajos Kovács|Lajos Kovacs
Jonathan Bottinelli|Jonathan Pablo Bottinelli
Arthur Langen|Arthur von Langen
Sir Peter Petrie, 5th Baronet|Peter Petrie
Johann Amann|Amann
William Adams Brown|William Brown
Brian Wilson|Brian Douglas Wilson
Kōji Gushiken|Koji Gushiken|Gushiken Kōji|Gushiken Koji
Óscar Romero|Oscar Romero|Archbishop Oscar Romero|Oscar Arnulfo Romero|Cult of romero|Óscar Arnulfo Romero|Archbishop Óscar Romero|Óscar Arnulfo Romero y Galdámez|Oscar Arnulfo Romero y Galdamez|Monseñor Romero|Monsenor Romero|Galdámez|Bishop romero|Archbishop Romero
Edward Nicholson|Edward Williams Byron Nicholson
Hildegard Thorell|Hildegard Katerina Bergendahl|Hildegard Katerina Thorell
Pressure|Pressure Buss Pipe
Andrey Silvestrov|Andrey Vyacheslavovich Silvestrov
Quentin Bell|Quentin Claudian Stephen Bell
David Don|D.Don
Garcia de Orta|Garcia de Orta
Mitsuko Komuro|小室みつ子|小室光子
Joseph Smith|Joseph C. Smith
Henri-Pierre Danloux|Henri Pierre Danloux|Henry Pierre Danloux|Henri-Pierre Danloo
John Hughes|John Hughes, Jr.
Rabindranath Datta|Roby Datta
Jin Yong|Louis Cha
Sami-shinnō|Imperial Prince Sami|Sami Shinnō
Galina Zavyalova|Galina Petrovna Zavyalova
Aura|Aurica Cotelnic|Aurica Ceban
Chic Henry|Anthony Robert Henry
Édouard Thilges|Edouard Thilges
William Jones|Chilly Willy
Erastus C. Knight|Erastus Cole Knight
Louis Gustave Ricard|Louis-Gustave Ricard|Louis Gaston Ricard|Auguste Ricard|Gustave Ricard
Johann Christoph Ranfft von Wiesenthal|Johann Christoph Freiherr Ranfft von Wiesenthal|Ioannes Christophorus (CSBA) Ranfft a Visenthal
Michael Bass, 1st Baron Burton|Sir Michael Bass, 1st Baronet|Michael Arthur Bass|Michael Arthur Bass, 1st Baron Burton
Adolphe Hercule de Graslin|Adolphe de Graslin|Graslin
Robert Gottliebsen|Robert Norman Gottliebsen
Enrico D'Ovidio|Enrico d'Ovidio
William Curtis|Curtis
Gene Guarilia|Eugene Michael Guarilia
Fábio Jr.|Fabio Jr.
Gary Tuck|Gary Robert Tuck
Jeon Mu-song|Jeon Moo-song|Jun Moo-song|Jun Moo Song
Mauricio Casierra|Mauricio Ferney Casierra
Tatton Sykes|Sir Tatton Sykes, 5th Baronet
Doron Tavori|Doron Tavory
Katsunori Yanaka|Yanaka Katsunori
Mervin Emanuel Pérez Pérez|M.E.Pérez
Thomas Bowles|Thomas (I) Bowles
Tracy Murray|Tracy Lamonte Murray
Bret Hart|Bret "The Hitman" Hart
Yelu Alian|Yēlǜ Aliǎn
Jethro Sumner|Jethro Exum Sumner
Friedrich Richard Petri|Richard Petri
Alexandra Langley|Alex Langley
Cosme de Torrès|Cosme De Torres
Andy Milonakis|Andrew Michael Milonakis
Jean Callé|Callé
August Van Geert|Van Geert
Oleg Tikhobaev|Олег Тихобаев
Yury Stepanov|Yury Germanovich Stepanov
Frederick II of Denmark|Frederick II
Aleksandr Lipko|Aleksandr Valeryevich Lipko
Keith Wilson|Keith Cameron Wilson
Rebecca Brando|Rebecca Brando
Frederick Joseph Hermann|F.J.Herm.
Yadira Pascault Orozco|Yadira Orozco
Philippe Küpfer|P.Küpfer
Maxim Narozhnyy|Maksim Valeryevich Narozhny
Désiré Bastareaud|Desire Bastareaud
Bernard Molkenboer|Bernard Constant Molkenboer|Bernard Hilarius Molkenboer
Théophile Bonnemaison|Bonnem.
Karl Høgberg|Karl Högberg
William Evans|William Addams Williams Evans
Bruno von Niessen|Bruno Alexander Ernst von Niessen
Michael Cooper|Ibo Cooper|Michael "Ibo" Cooper|Michael Kenneth Cooper
Roelof Meurs Pruyssenaar|R.M. Pruyssenaar|Roelof Meurs Pruijssenaar
Ramón Garay|Ramón J. Garay
António Paula|António Manuel Louro Paula
Sos Sargsyan|Sos Artashesi Sargsyan
Matsura Atsunobu|Matsuura Atsunobu
Yury Mineralov|Yury Ivanovich Mineralov
Gustaf Emanuel Haglund|G.E.Haglund
Pup Phillips|George Marshall "Pup" Phillips
James Stanley, 7th Earl of Derby|Lord Strange|Yn Stanlagh Mooar
Alejandro Quintanar|Quintanar
Maurice Day|Maurice FitzGerald Day
Richard Edward Hall|Richard Hall
Yumiko Shibata|Shibata Yumiko
Harry Alan Towers|Peter Welbeck
Charles Nicolas Perrier|Charles Perrier
Hugo Frederik Nierstrasz|H.F. Nierstrasz|Nierstrasz
Hélène Cixous|Helen Cixous
José María Garnica|Jose Maria Garnica
Andrey Yakovlev|Andrey Alekseyevich Yakovlev
William Porter|William Franklin Porter II|Bill Porter|William "Bill" Franklin Porter II
Solita Solano|Sarah Wilkinson
Fumio Maekawa|F.Maek.
Gary Cziko|Gary A. Cziko
Bartolomeu Sesinando Ribeiro Artur|Bartholomeu Sesinando Ribeiro Arthur|Ribeiro Artur|Ribeiro Arthur|Artur Ribeiro
Fermín Revueltas Sánchez|Fermín Revueltas
Adele Marion Fielde|Adele M. Fielde
Michel Vacherot|Vacherot
Antonio Peña|Antonio Pena
Elena Rybkina|Elena Rybkhina|Yelena Rybkina|Jelena Rybkina
Daniel Rouzier|Daniel Gérard Rouzier|Daniel-Gérard Rouzier
Bernard van der Wijck|Bernard Hendrik Cornelis Karel van der Wijck
Wu Peng|Peng Wu
Mike Sullivan|Michael John Sullivan
Jenna Johnson|Jenna Leigh Johnson|Jenna Younker
Zanabazar|G. Dzanabadzar|Undur Gegen|Ondor Gegen Zanabazar|Zanabazar Gombodoržijn
Chris Gimenez|Christopher Paul Gimenez
William Amherst, 1st Earl Amherst|Viscount Holmesdale,|William Pitt Amherst, 1st Earl Amherst
Abdol-Hossein Mirza Farmanfarma|Abdol Hossein Mirza Farmanfarma
Roman Monchenko|Roman Vitalyevich Monchenko
Zak Ansah|Zak Andy Ansah
Michael Robinson|Burton Michael Robinson
Bruce Dale|Bruce Albert Dale
Mabel Frances Layng|Mabel Kathleen Layng|Mabel Layng
Bud Black|Harry Ralston Black|Harry Ralston "Bud" Black
Grigoriy Korchmar|Grigory Ovshiyevich Korchmar
Thomas Webster Kemp|Thomas Kemp
Magomedshapi Isayev|Magomedshapi Alikhanovich Isayev
Phoebus|Phivos
Richard Steadman|J. Richard Steadman
John Conyers|John James Conyers, Jr.|John Conyers, Jr.
Emilio Ocón y Rivas|Emilio Ocón Rivas|Emilio Ocón
Avraham Stern|Yair|Yair Stern
Elizabeth Fraser|Elizabeth Davidson Fraser
George Tenet|George John Tenet
Sizenando Nabuco|Sizenando Barreto Nabuco de Araújo
Peter Greig-Smith|Greig-Sm.
Ray Prosser|Thomas Raymond 'Ray' Prosser
Innocent XIII|Pope Innocent XIII|Michelangelo Conti di Poli|Innocentius PP. XIII|Michelangelo Conti|Pope Innocentius XIII|Innozenz XIII. Papst|Michelangelo dei Conti|Michelangiolo dei Conti|‏ papa Innocenzo‏ XIII|pape Innocent XIII
Marius Richters|Marius Johannes Richters|Marinus Johannes Richters
Brad Daymond|Riprock
Panai|Panai Kusui
Lambert Blendeffe|Lambert Blendeff
Prince Jefri Bolkiah|Prince Jefri|Playboy Prince|HRH Jefri
Christian de Muizon|de Muizon
Francesco Borzone|Francesco Maria Borzone|Bourzon Borzone|Bourzon|Francesco Maria Borzoni
Lil Twist|Lil' Twist|Twizzy|Twist
Burgoyne Diller|Burgoyne A. Diller
Symers Macdonald Macvicar|Macvicar
Jon Voight|Jonathan Vincent Voight
Lauri Viita|Lauri Arvi Viita
Willem Ter Braak|Jan Willem Ter Braak
Thomas Keble|Richard Nelson
Charles Burr Graves|C.Graves
Henry Gorringe|Henry Honychurch Gorringe
Manson Bruce Linn|Linn
Thomas Eboli|Thomas "Tommy Ryan" Eboli
Sir Arthur Dorman, 1st Baronet|Arthur John Dorman
Emma Beach Thayer|Emma B. Thayer|Emmeline Buckingham Thayer|Emma Thayer
Ron George|Ronald Anthony George
Tony Mulder|Teunis Mulder
Tyler Breeze|Mike Dalton|Mattias Wild|Matt Clement|Mike McGrath
Xiang Yu|Xiang Ji
Leslie Rich|Leslie George Rich
George Mueller|George Edwin Mueller|George E. Mueller
Boris Dobrodeyev|Boris Olegovich Dobrodeyev
José Moreno Carbonero|Jose Moreno Carbonero|Jose Moreno y Carbonero|José Moreno y Carbonero
Theobald Taaffe, 1st Earl of Carlingford|2nd Viscount Taaffe, of Corren|2nd Baron of Ballymote
Daniel Grou|Podz
Suramelo|Abraham Suramelo
Prince Carlo, Duke of Castro|Carlo Maria Bernardo Gennaro
Susan Keppel|Susan Coutts Trotter
Lee Si-Chen|Si-Chen Lee
Svetlana Grinberg|Svetlana Georgiyevna Fyodorova
Wataru Shinohara|Shinohara
Margarita Okatova|Margarita Petrovna Okatova
George Vance|George Oakley Vance
Grigory Landsberg|Grigory Samuilovich Landsberg|Grigoriy Landsberg
Steve Purdy|Steven Francis Purdy Ramos
D. Lobreau-Callen|Lobr.-Callen
Elaine Anderson Cannon|Elaine A. Cannon
Paco Cabanes Pastor|Francisco Cabanes
Albert Balchen|Albert Henrik Krohn Balchen
Fred Gitelman|Frederick Gitelman
Guillermo Mediano|Guillermo María Mediano Sebrechts
Norrey Ford|Jill Christian|Christian Walford|Noreen Ford|Noreen Ford Dilcock
Tai Babilonia|Tai Reina Babilonia
Sir Robert Anstruther, 5th Baronet|Robert Anstruther
Stokely Carmichael|Stokely Standiford Churchill Carmichael
Todd Van Steensel|Todd Bertram Van Steense
Augustin Ley|Ley
Alexander Petrovich Bashourov|Alexander Bashourov
Erlendur Þorvarðarson|Erlendur Thorvardarson
Ajahn Brahm|Ajahn Brahmavamso Mahathera
Mauro Guillén|Mauro Guillen
Éric Lartigau|Eric Lartigau
Árni Þorláksson|Árni Thorláksson
Nikolai Stasenko|Nikolay Aleksandrovich Stasenko
Mitsuru Satō|Mitsuru Sato|Satō Mitsuru|Sato Mitsuru
Olivia Holm-Møller|Olivia Holm-Moller|Olivia Holm-Möller
Myra Hess|Dame Myra Hess
Kim So-hyeon|Kim So-hyun|Kim So Hyun
Lulama Xingwana|Lulu Xingwana
Ryszard Legutko|Ryszard Antoni Legutko
Martin Mytens|Martin (I) Mytens|Martin Mytens (I)|Peter Martin van Mijtens|Martin vanh. Mijtens|Martin, the elder Mytens|Martin I Mytens|Martin, the elder Mijtens|Martin Mytens I|Martin, the elder Meitens|Martin, the elder Meytens|Martin, I Mytens|Martin, I Mijtens
Lin Adriene|Lin Meng-chin|Adriene Lin
Vyda Ragulskienė|Vyda Kęsgailaitė-Ragulskienė
Bengt Bergius|Bergius
Vera Lysenko|Vera Lesik
Barbara Mills|Dame Barbara Jean Lyon Mills
Nick D'Arcy|Nicholas James D'Arcy
Zotto|Zotton, Zottone
Leslie Green|Leslie William Green
Kitajō Kagehiro|Kitajo Kagehiro
Ernest Holden, 2nd Baron Holden|Ernest Holden|Ernest Illingworth Holden|Ernest Illingworth Holden, 2nd Baron Holden
Janwillem van den Berg|Jan Willem van den Berg
Bruce McLaren|Bruce Leslie McLaren
Nicodemo Ferrucci|Nicodemo di Michelangelo Ferrucci|Niccolo Ferrucci|Niccolo di Michelangelo|Nicodemo Di Michelangelo Ferrucci
Gillion de Trazegnies d'Ittre|G.C.J.H.Th.E. de Trazegnies d'Ittre|Gillion Charles Joseph Henri Théodore Eugène de Trazegnies d'Ittre
Amos Arthur Heller|A.Heller
Adrian Goldsmith|Adrian Philip Goldsmith
Robert Wedderburn|Robert William Maclagan Wedderburn
Colin Knight|Colin Leslie Knight|Colin L. Knight
Richard Johnson|Richard Matthew Johnson
Sam Smith|Samuel James Smith
Cesonio Basso|Caesonius Bassus
Wen Zhengming|Wen Pi|Zheng-ming Wen|Cheng-ming Wen|Cheng-ming|Hengshan Wen|Chōmei Bun|Hengshanjushi|文徴明|Bi Wen|Pi|Cheng-chung|文徵明|Tcheng-ming Wen|Zhengzhong Wen|Heng-s hen|Zhengming Wen|Chen-hsien|Hang Wen|Heng-shan Wen|Pi Wen|Tingyun Wen|Ting-yun|Zhenming Wen|文征明|沈周|Chen-ming Wen
Henriette Petit|Ana Enriqueta Petit Marfan
Orlando Mendes|O.Mendes
Jacob Falconer|Jacob Alexander Falconer
Chris Carter|William Christopher Carter|William Christopher "Chris" Carter
David Taylor|David Vincent Taylor
Dai Xi|Chunxi Dai|Luchuangjushi|Yu'an|Dài Xī|Tai Hsi|Xi Dai|Jingdongjushi|Dai Chunshi|Chunshi|Tai Si|Shunshi|Yuan|Songping Dai
Kenny Florian|Kenneth Alan Florian
Stepan Starchikov|Stepan Sergeyevich Starchikov
Nick Tepesch|Nicholas James Tepesch
Gideon Markus Fernaldi|Markus Fernaldi Gideon|Gideon Marcus Fernaldi|Marcus Fernaldi Gideon
Abbot Kinney|Kinney
(Moritz) Alphons Stübel|Stübel
Vladimir Yelagin|Vladimir Vasilyevich Yelagin
Jordi Cruyff|Jordi Cruijff
Hilton Price|Frederick George Hilton Price
Konrad Ferdinand Edmund von Freyhold|Carl von Freyhold|Carl Von Freyhold
Arkady Inin|Arkady Yakovlevich Inin
Marie-Geneviève-Charlotte Thiroux d'Arconville|présidente Thiroux d’Arconville|Marie-Geneviève-Charlotte Darlus
Helmut Gams|Gams
Johnny Ray|John Cornelius "Johnny" Ray
Elizabeth Barrett Browning|Mrs. Browning|Elizabeth Barrett Barrett|אליזבט ברט בראונינג|Elizabeth Barrett-Browning|Elizaveta Barrett Brauning
Fernando Solanas|Pino Solanas|Fernando E. Solanas
Kwon Yuri|Kwon-Yu-ri|Kwon Yu Ri|Kwon Yoori|Kwon Yoo-ri|Kwon Yoo Ri|권유리|권 유리
Percy Fawcett|Percival Harrison Fawcett
Davit Gogibedashvili|David Dephy|Dawit Gogibedaschwili
Naho Toda|Toda Naho
William Kexby|William de Kexby
Aku Hirviniemi|Aku-Heikki Ilmari Hirviniemi
Marc Sterling|Mark Sterling
L. R. Ford, Jr.|Lester Randolph Ford junior|Lester R. Ford junior|Lester Ford junior
Harve A. Oliphant|Coach Oliphant
Paula Guilló|Paula Guilló Sempere
Kerstin Haraldson|Haraldson
Derrick Williams|Derrick LeRon Williams
Claudia Ramírez|Claudia Julieta Ramírez Valdez
Lotte Errell|Lotte Levy|Lotte Sostmann|Lotte Rosenberg|Lotte Errel
Henry de Audley|Henry de Aldithel|Henry de Alditheley|Henry Audley
Peter Bucossi|Pete Bocossi|Peter Buccosi|Peter Buccossi|Peter Bucosi|Pete Bucosi|Pete Bucossi|Peter Buossi|Pete Busossi
Jesse of Kartli|Ali-Quli Khan and Mustafa Pasha
Bhagwan Shree Rajneesh|Osho|Rajneesh Chandra Mohan|Acharya Rajneesh|Osho Rajneesh|Chandra Mohan Jain
Sergey Berezhnoy|Sergey Mikhaylovich Berezhnoy
John G. Cooper|John Gordon Cooper
Ormur Jónsson Breiðbælingur|Ormur Jónsson Breidbælingur
John Melville|John Hutchison Melville
Shaun Tait|Shaun Henry Tait
John L. Johnson|John Johnson
Richard Salsman|Richard M. Salsman
Rudolf Hülsen|Hülsen
John Hejduk|J. Q. Hejduk|John Quentin Hejduk
Richard Carter|Richard Dring Carter
Elizabeth Taylor|Elizabeth Coles
Nicolaas Meerburgh|Meerb.
Luigi De Bartolomeis|Luigi Debartolomeis
Wilhelm Gottlieb Schneider|W.G.Schneid.
Benjamin Griffinhoofe|Benjamin Cooke Griffinhoofe
Paul Ottosson|Paul Ottoson
J. E. Gordon|James Edward Gordon
Joost A. Stalpers|Stalpers
Émile Deyrolle|Deyrolle
J. H. H. Coombes|John Harold Henry Coombes
Lina Stern|Lina Solomonovna Stern
Sigizmund Krzhizhanovsky|Sigizmund Dominikovich Krzhizhanovsky
Robert Dickerson|Robert Henry Dickerson|Bob Dickerson
Caspar Wistar|Caspar Wistar the Younger
Josep Francesc Ràfols i Fontanals|José Francisco Ràfols Fontanals|José F. Ràfols Fontanals|Josep F. Ràfols|Josep Francesc Ràfols Fontanals|José Francisco Ráfols|José F. Ràfols|Josep-Francesc Ràfols i Fontanals|Josep F. Ràfols i Fontanals
Vitaly Onkov|Vitaly Nikolayevich Onkov
Lino António|Lino António da Conceição|Lino António Da Conceição
Jean-Jules Salmson|Jules Salmson
Béla Lányi|Lányi
Arthur Jackson|Arthur Herbert Jackson
Ingeborg Eriksdottir of Norway|Ingebjørg Eriksdatter
John Mitchell|John Mitchell, Jr.
Mikuláš Teich|Mikulas Teich|Teich, Mikulas|Teich, Mikuláš|Teich
Paul Otlet|Paul Marie Ghislain Otlet
Nadya Nozharova|Nozharova, Nadya Nozharova, Nady Mateeva Navarro Farber, Nadya, Countess de
