William Clement Stone|W. Clement Stone
Jack Mackenzie|Chalmers Jack Mackenzie
Lesley Anne Ivory|Mrs. Ivory
Oleg Haslavsky|Oleg Lvovich Khaslavsky
Aliyar Ismailov|Aliyar Ferzulakhovich Ismailov
Adam Meyers|Adam H Meyers
Lee McClung|Thomas Lee McClung
William Francis Gray Swann|William Francis Swann
Publius Vitellius the Elder|Publius Vitellius
Henry Wotton|Henry, Sir Wotton|Sir Henry Wotton
Raphaël Collin|Louis-Joseph-Raphaël Collin|Raphael Collin|Louis Joseph Raphael|Louis Joseph Raphael Collin
Dietmar Hamann|Dietmar Johann Wolfgang Hamann
Thomas Cassin Kinkaid|Thomas C. Kinkaid
Charles Dundas|Charles Lawrence Dundas
Nathanael Ranew|Nathaniel Ranew|Nathanael Ranewe|Nathaniel Ranewe
Sergey Levchenko|Sergei Georgievich Levchenko
Andrey Filatov|Andrey Vasilyevich Filatov
Homer John Scoggan|Scoggan
Stephen Chapman|Sir Stephen Chapman|Stephen Remnant Chapman|Sir Stephen Remnant Chapman
Gordius|Gordios|Γόρδιος
Iain McHardy|Iain William Thomson Duff McHardy
Andrew Schally|Andrzej Wiktor Schally|Andrew Wiktor Schally
Michele Troja|Michele Troya
Sarah Moulton|Sarah Goodin Barrett Moulton|Pinkie
George Eric Oakes Ramsden|Eric Ramsden
Melissa Martínez|Melissa Martinez
Rosa Benozzi Balletti|Silvia Balletti
Magnus Spence|Spence
Leopold Ružička|Leopold Ruzicka
Lene Køppen|Lene Koppen
Park Hye-soo|Park Hye Soo
Feodor Feodorovich Narbut|Fedor Fedorovich Narbut
Mikhail Gnesin|Mikhail Fabianovich Gnesin
Yves Rouvre|Yves André Rigolot
Rusty Nails|Rusty Osgood
Ravi Hutheesing|The Raviator
Jerry Royster|Jeron Kennis Royster
Patrick Tambay|Patrick Daniel Tambay
Vladimir I. Vladimirov|Vladimir Vladimirov|Vladimirov
Fujiwara no Shigeko|Fujiwara no Jūshi|Fujiwara no Jushi|Shumeimon-in|Takakura Shigeko
William Lava|William B. Lava|Bill Lava
John of Pontoise|John de Pontissara
Titus Otacilius Crassus|Tiberius Otacilius C.f. Crassus
John Prip|John A. Prip
John M. Berrien|John MacPherson Berrien
Aufidius Lurco|Marcus Aufidius Lurco
Kay Mitchell|Sarah Lacey
Tetsukazu Yahara|Yahara
Mustafa Djamgoz|Mustafa Bilgin Ali Djamgoz
Pier Francesco Foschi|Pier Francesco Toschi
Malcolm Wicks|Malcolm Hunt Wicks
Alexander Borissovitch Doweld|Doweld
William Evans Lawrence|W.E.Lawr.
Jeffrey Nordling|Jeffrey Richard Nordling
Peter Blake|Sir Peter Blake
James Meston, 3rd Baron Meston|James Meston
V.N. Lyssov|Lyssov
Dave Cutler|David Neil Cutler, Sr.
Frances Gearhart|Frances Hammell Gearhart
Lynn Gladden|Lynn Faith Gladden
Alison Cameron Church|A.C.Church
Anna Goodman Hertzberg|Anna Goodman
Georges Achille-Fould|George-Achille Fould-Stirbey
Winfried König|Winfried Koenig
John Pullain|John Pullayne|John Pulleyne
Sergey Stishov|Sergei Stishov|Sergey Mikhaylovich Stishov
Yuri Korinets|Iurii Iosifovich Korinets
Rashit Shakurov|Rashit Zakirovich Shakurov
Vladimir Sorma|Šorma
Abdullah ibn Husayn al-Ahmar|Abdullah Bin Hussein al-Ahmar
Rita Bartolini|Bartolini
Victor Petit|lieutenant-colonel Victor Petit
August (François Marie Antoine) Tonglet|Tonglet
John Parry|John Parry Sr.
Erasmus Julius Nyárády|Nyár.
Suike|Jin Xianzu
Charles Joseph Grips|Carel Jozeph Grips
Auðr the Deep-Minded|Audr the Deep-Minded
Manuel Rui|Manuel Rui Alves Monteiro
Anouk|Anouk Teeuwe
Cornelis Engebrechtsz.|Cornelis Engebrechtsz|Cornelis Engelbrechtszoon|Cornelis Engelbertsz.|Cornelius Engelbrecht|Corn. Enghelbrecht|Cornelis Engelbrechtsz|Cornelis Engelbrechtsz.|Cornelis Engebrechtszoon|Cornelius Engebrechtsz.|Cornelis Engelbertsz|Enghelbrecht the Old|Cornelis Engelbrechtsen
Saint Ilar|Ilar Bysgotwr
Magnus Haraldsson|Magnus Haraldsson
Magdalena Abakanowicz|Magdalena Abakanowicz Kosmowski
Urs Eggli|Eggli
Jeffrey Donovan|Jeffrey T. Donovan
Claude Hoin|Claude-Jean-Baptiste Hoin|Claude de Hoin|Claude Jean Baptiste Hoin|Claude Baptiste Hoin
Lizzy Yarnold|Elizabeth Yarnold
Sir Robert Williams, 1st Baronet|Robert Williams|Sir Robert Williams|Sir Robert Williams, 1st Baronet, of Bridehead
Rosalind Mitchison|Rosalind Mary Mitchison|Rowy Mitchison|Rosalind Wrong
Edwin Walker|Edwin Anderson Walker
Gilbert Haven|Bishop Gilbert Haven
Eckehart J. Jäger|Jäger
Maksim Marozau|Maksim Morozov
Yōko Tai|Fujiko Marumo
Hans Gudewerdt|Hans Gudewerdt II|Hans Gudewerdt the Younger|Hans, the younger Gudewerdt
Tom Trethewey|Thomas George Trethewey
Billey Demirtaş|Billey Demirtas
Nelli Motroshilova|Nelli Vasilyevna Motroshilova
Choi Kyu-ha|Choi Kyu-hah
Thomas William Marshall|Author of My clerical friends,
Liuwe H. Westra|Liuwe Westra
D Shina|Shina D
Louis Fatou|Louis Ernest Fatou|Louis-Ernest Fatou
Fumihito, Prince Akishino|Prince Akishino
Jan Sedláček|Jan Sedlacek
Alfred Cyprien Julien|Julien
Irina Akulova|Irina Grigoryevna Akulova
Thorolf Frederik Pedersen|Thorolf Pedersen|Thorolf Frederik Paludan Muller Pedersen
Johann Baptist Drechsler|Johan Trechsler|Johann Baptist Dricklaer|Johann Baptist Trechsler|Jean Drechsler|Johann Baptist Drichler|Johann Baptist Dreschler
Jack Soble|Abromas Sobolevicius|Abraham Sobolevicius|Adolph Senin
Jack Lovelock|Dr. John Edward Lovelock
Yosef Maiman|Josef Maiman
D. A. Weibring|Donald Albert Weibring, Jr.
Acee Blue Eagle|Ah Say|Blue Eagle Acee|Che Bon Ah Bu La|Alex C. McIntosh|Laughing Boy
Stephen Ruddy|Stephen A. Ruddy, Jr.
Pavel Shchinnikov|Pavel Aleksandrovich Shchinnikov
Benvenuto Rambaldi da Imola|Benvenuto da Imola
Wendy Ey|Wendy Hayes
James Young|James Alexander Young
Barry Harris|Barry Doyle Harris
James Logan|James Eddie Logan
Constant Vincent Houlbert|Houlbert
Donald Tovey|Sir Donald Francis Tovey
Io Murota|Murota Io
James Yorke|Honourable and Reverend the Dean of Lincoln,
Reynold Arnould|Arnould Reynold
Li Yuanli|Lǐ Yuánlǐ
Cynog ap Brychan|Cynog Ferthyr
Denis Dudko|Denis Iurevich Dudko
Ian Buxton|Ian Ray Buxton
Laura Baugh|Laura Zonetta Baugh
Hermann Emil Fischer|Emil Fischer
William Joseph Hynes|William J. Hynes
Daniel Howard Norris|D.H.Norris
Raymond VI, Count of Toulouse|Raymond VI de Toulouse
Vasily Maklakov|Vasily Alekseyevich Maklakov
Alfred Ordway|Alfred T. Ordway
Tony Kouzarides|Anthony Kouzarides
Mark Wilson|Mark John Crichton Wilson
Andrew P. Holmes|A. P. Holmes
Pieter van Laer|Pieter Bodding van Laer|Bamboots|Bamboccio|Pieter van Laar|Pietro de Laar|Il Bambouchio|Il Bambocio|Il Bambochio|Pietro Vanderlaer|Bamboccio Laar|Bamboccio Laer|Bamboots Laer|il Bamboccio Laer|Il Bambocci|Il Bombaccio|Boddingh van Laer|Il Bamboots|Pieter Jacobsz van Laer|Pieter Jacobsz Van Laer|Pietro Laer|Bamboots Laar|Il Bamboceio|Vamboche|Pieter da Laer|Il Bamboccico|Pieter Van Laer|Il Bamboscio|Pieter Boddingh van Laer|Il Bambotio|Il Bamboche|Pieter Jacobsz van Laar|Pieter De Laer|Panbocci|Il Babboccio|Pierre de Laer|Peter van Laer|De Laer|Fiammingo Il Bamboccio|Peter de Lear|Il Bamboecio|Peter De Laer|Il Bamboos|Il Bambaccio|Il Bamboccio|De Laar|Il Bamboch|Pieter Jacobsz Van Laar
Mariana Diaz Ximenez|Mariana Dias Ximenes
Edmund Powell|Edmund Nathanael Powell
Thomas David Lister|Thomas Lister
Ronald John Roberts|R.J.Roberts
Carl Gustav Alm|Alm
Pao Ching-yen|Bao Jingyan
Larisa Mironova|Larisa Vladimirovna Mironova
Jennifer Carpenter|Jennifer Leann Carpenter
Irina O. Galuskina|I. O. Galuskina|Irina Olegovna Galuskina|Galuskina I O
Gösta Hammarbäck|Erik Gösta Hammarbäck
Jeff Grayer|Jeffrey Grayer
Moawad GadElrab|Muʻawwaḍ Jād al-Rabb
Greig Oliver|Greig Hunter Oliver
David Crane|David M. Crane
Wilfred Benítez|El Radar, The Bible of Boxing, Wilfredo Benitez|Wilfred Benitez
Gustaaf De Smet|Gustaaf Desmet
Craig Gentry|Craig Alan Gentry
Jussi Vatanen|Johan Juho Jussi Vatanen
William Bellairs|Sir William Bellairs
William Norris III|Bill Norris
Roel Coutinho|Roeland Arnold Coutinho
Baibagas|Baibagas Khan|Baibugus Baatur
Michael Burgess|Michael L. Burgess
Larry Hennig|Larry "The Axe" Hennig
Halvor Aschehoug|Halvor Torkildsen Aschehoug
Harold Frederick Neville Gye|Hal Gye
Vasily Zasorin|Vasily Iosifovich Zasorin
Charalambos S. Christodoulou|Christodoulou
Charles Lorin|Jean-Baptiste-Charles-Claude Lorin
Gladys Lunn|Sally Lunn
Zenone Veronese|Zenone Vernonese|Zenon Veronese|Zeno da Verona|Zenone Verona|Zenone da Verona
Jakob Bording|Jakob Bording the Younger
Franciscus Junius|François du Jon|Franciscus Junius the younger
Władysław Kowalski|Wladyslaw Kowalski
José Rossetti|Giuseppe Rossetti
Johannes Hopffe|Johann Hopffe
S. R. Rana|Sardarsingh Rana|Sardarsinh Rewabhai Rana|Sardar Singh Rana
Fred Earl Ingerson|F. E. Ingerson|Ingerson F E|Earl Ingerson
Carlos Augusto Quiñónez|Carlos Quiñónez
Yu Youren|Yu-jen Yu|Saoxin|zi Saoxin|Yu Yu jen|Ranweng|Taiping Laoren|Taiping Laoren hao Ranweng|Yü Yu-jen
Voltaire|François-Marie Arouet|Age of Lewis XIV, Author of The,
Geoff Huegill|Geoffrey Andrew Huegill
Josh Rutledge|Joshua Alan Rutledge|Joshua Alan "Josh" Rutledge
John Barrett|John David Barrett
Luc Colijn|Luc Colyn
August Friedrich Schlotthauber|Schlotth.
Carl Gustav Heraeus|Karl Gustav Heraeus|Carl Gustaf Heraeus|C. G. Heräus|Carolus Gustavus Heraeus|C. G. Heraeus|Carl Gustav Heraus
Marc Rzepczynski|Marc Walter Rzepczynski
Richard Byrd|Richard "Dick" Leslie Byrd
Julia Wolf|Julia Christina Wolf
Philip Pearsall Carpenter|P. P. Carpenter
Radomir Stević Ras|Radomir Stevic Ras
Nikolay Shumakov|Nikolai Ivanovich Shumakov
Manuel Martín Bolaños|Martín Bol.
Andrew Pulton|Andrew Poulton
Nelson Munganga|Nelson Omba Munganga
Hōjō Akitoki|Hojo Akitoki|Kanesawa Akitoki
Viv Richards|Isaac Vivian Alexander Richards
Viktor Sharanovich|Viktor Petrovich Sharanovich
G. Pellegrino|Pellegrino
Peter Davison|Peter Hubert Davison
Princess Marie of Orléans|duchess of Württemberg Marie d'Orléans|Marie Christine Caroline Adélaïde Françoise Léopoldine of Orléans|Marie D'Orléans|Marie d'Orléans
Yang Jiong|Yang Chiung
Honus Wagner|Johannes Peter Wagner
Leo Whelan|Michael Leo Whelan
Rezső Somogyi|Steiner Rezső
Otto I, Duke of Carinthia|Ottone I di Carinzia
Charles Evans|Charles Robert Evans
Charles Milton Bell|C. M. Bell|Charles Bell|Charles M. Bell
Hillel Oppenheimer|Heinz Reinhard Oppenheimer|Oppenh.
Claire de La Rochefoucauld|Claire de la Rochefoucauld
Katherine Miranda Chang|Katherine Gabriela Miranda Chang
Khaled Khan|Juboraj
Penny Oleksiak|Penelope Oleksiak|Penelope "Penny" Oleksiak
Cecilia Lucy Brightwell|C. L. Brightwell|Cecilia L. Brightwell
Samuel Laing|S. Laing
Johanna Dejager|"Blonde Bomber"
Karel Špillar|Karel Spillar
Sándor Józan|Sandor Jozan
Kaleo Moylan|Kaleo Scott Moylan
Elísa Viðarsdóttir|Elísa Vidarsdóttir
Max Fabiani|Maks Fabiani
Christopher S. Campbell|C.S.Campb.
Sergei Yutkevich|Sergei Iosifovich Yutkevich
Inês de Castro|Ines De Castro
Oiva Kallio|Oiva Sakari Kallio
Brian Collins|Brian Collins Band
Joseph Smeeton|J. Smeeton
Meg Myles|Billie Jean Jones
Nacho Pérez|Juan Ignacio Pérez Méndez
Louis Franchet d'Espèrey|Louis-Félix-Marie-François Franchet d'Esperey
Andrea I. Romero|A.I.Romero
Thomas Henry Lister|Thomas Lister
Diana Harris|Diana Adrienne Harris|Diana Mantoura
Jairo Asencio|Jairo Manuel Asencio
Sir Patrick Macnaghten, 11th Baronet|Patrick Macnaghten
Alexander Ludwig|Alexander Richard Ludwig
Kyle Smith|Kyle Scott Smith
Deby Arifiani|Arifiani
Timmy Hung|Hung Tin Ming, Timmy
Jay-Jay Okocha|Augustine Azuka Okocha
Rudolf Emanuel Jacobsen|Rudolf Jacobsen|Rudolf Emil Jacobsen
Hans Moretti|Johannes Crewe
Armin Gruen|Armin Grün|Armin Grun
Gaetano Vacani|Gaetano Vaccani
Bengt Andersson|Bengt Holger Sigmund Andersson
James Morton|Sir James Morton
Francesco Saccardo|F.Sacc.
Geertruida van den Heuvel|Geertruida Sara Catharina van den Heuvel
Hartland Snyder|Hartland S. Snyder
Sam Hocevar|Samuel Hocevar
Alimzhon Rafikov|Alimdzhon Kyashafovich Rafikov
Sara Larraín|Sara María Larraín Ruiz-Tagle
Kathryn Meisle|Kathryn Hunt Meisle
Theodor Kewitsch|Carl Theodor Kewitsch|Karl Theodor Kewitsch|Teodor Kiewicz
Charlie Gelbert|Charles Magnus Gelbert
Prateek Bhardwaj|Prateek Bhardwaj
Kameyama|亀山天皇|Kameyama-tennō|Emperor Kameyama
Guðbjörn Jónsson|Gudbjörn Jónsson
Saint Nohra|Mar Nohra|Saint Nuhra|Saint Lucius
John Webster|J.Webster
Harishi Patel|Harish I. Patel
Thomas Randolph|Thomas Berkeley Randolph
Dénes Sokcsevits|Dinko Šokčević
Joseph Montoya|Joseph Manuel Montoya
Ellsworth Jerome Hill|E.J.Hill
Digitzz|Nigel Williams
Sven Utterström|Uttern
Johann Michael Prunner|Johann Michael Brunner
Sebastián Rambert|Sebastian Rambert
Jan Adriansz. de Man|Jan Arentsz de Man|Jan Adriaansz. de Man
Lukman Zhabrailov|Gusman Jabrailov
Alexander Bazhbeuk-Melikyan|Alek‘sandr Bazhbeuk-Melik‘yan|Alek'sandr Bazhbeuk-Melik'yan
Gonçalo Carvalho|Gonçalo Miguel Carvalho Conchinhas
Brutus Hamilton|Brutus Kerr Hamilton
Samuel Garland, Jr.|Samuel Garland
Jake Berthot|John Alex Berthot
Eero Järnefelt|Erik Nikolai Järnefelt|Erik Järnefelt|Eero Nikolai Jaernefelt|Eero Nikolai Jarnefelt|Eero Nikolai Järnefelt|Eero. Järnefelt
Nina Ruslanova|Nina Ivanovna Ruslanova
Nikolay Manzhosov|Nikolay Ivanovich Manzhosov
Poty Lazzarotto|Napoleon Potyguara Lazzarotto|Poty
Jeff Sherman|Jeffrey Edward Sherman
Josette Day|Josette Noëlle Andrée Claire Dagory
Raoul H. Bain|Raoul Harley Bain
Bill Hayden|William Hayden|William George Hayden
Jean Olivier Hucleux|Jean Olivier|Jean-Olivier Hucleux
Frederick Van Ness Bradley|Fred Bradley
Frédéric Fregevize|Frédéric Frégevize|Frédéric Fraigevise|Friedrich Fraigevise|Frederic Fregevise|Friedrich Frégevise|Frédéric Frégevise|Frederic Fraigevise|Frederic Fregevize|Friedrich Frégevize
Pal Hazuki|Yasuhiko Azegami
Betty Louise Higinbotham|B.L.Higinb.
Bruges Master of 1482|Master of Bruges of 1482
Dirk Visscher|Theodoor Visser|Theodoor Vischen|Theodoor Virschen|Dirck Virschen|Dirck Visscher|Teodoro Vischer|Theodoor Visscher
Tu Youyou|Youyou Tu|Tú Yōuyōu
Ellen Constance Steedman|Steedman
Joseph Paul Pierre Morissette|Pierre Morissette
Julius Friedrich Wilhelm Bosse|Bosse
Les Hammond|Leslie H Hammond
Arvi Pohjanpää|Arvi Nordqvist|Sulo Arvi Pohjanpää|Sulo Arvi Nordqvist
Rosalind Brett|Rosalind Jane Brett
Xiao Tali|Xiāo Tàlǐ
Lee Oras Overholts|Overh.
Tyman Oosdorp|Thijman Oosdorp
Hōmei Iwano|Iwano Hōmei
Jeremiah Jones|Jeremiah Alvin Jones|Jerry Jones
Mariano Bertuchi|Mariano Bertuchi Nieto
Chen Tuo|Chen Ta|Wufu
Mohammad Aslam Farooq Faridi|Faridi
Irina Kirillova|Irina Vladimirovna Kirillova
Jeff Francoeur|Jeffrey Brandon Francoeur
André Pierre|Andre Pierre
Henry Maier|Henry W. Maier
Aleksander Birkenmajer|Aleksander Ludwig Birkenmajer
Jonathan Orozco|Jonathan Emmanuel Orozco Domínguez
William L. Brown|William Brown
James Caan|Nazim Khan
E.P. Zhogoleva|Zhogoleva
Ferdinand Reynold Schoeman|Schoeman
Friedhelm Nieske|Friedhelm Peter Nieske
Vladimir Yashchenko|Volodymyr Yashchenko
William Fox|William Hubert Fox
Pierre Otis|Otis
Viktor Butenko|Victor Butenko|Виктор Александрович Бутенко|Viktor Aleksandrovich Butenko
Hordeonius Flaccus|Marcus Hordeonius Flaccus
Conrad Heusinger|Konrad Heusinger
Guy L. Steele|Guy L. Steele, Jr.|Guy Lewis Steele Jr.|Guy Lewis Steele|Guy Steele|The Great Quux|Quux|gls|Guy Lewis Steele, Jr.
Taisija Yakivlivna Omelczuk|Omelczuk
Ilya Burov|Ilya Alekseyevich Burov
Carl Michalsen|Carl Christian August Michalsen
Sapphire|Juanita Wright|Sweet Sapphire|Princess Dark Cloud
Cromer Ashburnham|Major-General Sir Cromer Ashburnham
Vasily Naumkin|Vasily Dmitriyevich Naumkin
Edna Rose Ritchings|Mrs. S. A. Divine|Sweet Angel
Siang Chung Sun|S.C.Sun
Ruslan Galiakberov|Ruslan Albertovich Galiakberov
C. K. Janu|C.K. Janu
Lou Brock|Louis Clark "Lou" Brock
Ádám Boros|Boros
Miho Karasawa|True (singer)|True (Japanese singer)|TRUE
Steve Jobs|Steven Paul Jobs|Steven Jobs
William Cargill|William Walter Cargill
Aleksandr Folbaum|Aleksandr Aleksandrovich Folbaum
Ernest, Landgrave of Hesse-Philippsthal|Ernst von Hessen-Philippsthal
Anthony Meyer|Tony Meyer
László Babai|Laszlo Babai|Babai
Paw Hee-ching|Nina Paw Hee Ching
Oswald Pilloud|Ignace Nazaire Oswald Pilloud|Ignaze Nazaire Oswald Pilloud
John Cokeworthy|John Cokeworthy I
Santi Pada Banerjee|S.P.Banerjee
Joachim Glensk|Edward Jokel
John Cameron|John Ewen Cameron
Albert III, Duke of Saxony|Albrecht III.
Dick Lange|Richard Otto Lange
Allan Osterlind|Allan Österlind
Joseph Achron|Joseph Isidor Achron|Joseph Yulyevich Achron
Johann Rump|Nathanael Jünger
Jon Aurtenetxe|Jon Aurtenetxe Borde
Man Bai|Abdul Rahman Osman
Keith Wilson|Keith Cameron Wilson
George Galway Mills|George Mills
Bob Burrow|Robert Brantley Burrow
Sojan Jose|Sojan
Marvin C. Williams|M.C.Williams
Fabián Carmona|Niño Petroleo
Delano Meriwether|Del Meriwether|W. Delano Meriwether
Lucy O'Reilly|Lucy Catherine O'Reilly
Helen Lundeberg|Helen Lundeberg Feitelson|Mrs. Lorser Feitelson
Sergio Vallín|Sergio Vallín Loera
Vicente Zaragüeta|Vicente Zaragueta|Vicente Zaragueta Laffitte
Michel Mauléart Monton|Michel Monton
Alan Parker|Sir Alan William Parker
Omar El Ghaouti|Omar Fonstad El Ghaouti
Adalbert of Prague|St. Adalbert
Ed Bethune|Edwin Ruthvin Bethune, Jr.
Steve Lee|Stefan Alois
Bob Dixon|Robert Dixon
Lunalilo|Lunalilo I
Archie Simpson|Archibald Simpson
Jiong Lin Lu|J.L.Lu
Léopold Levert|Jean Baptiste Léopold Levert
Norman Blamey|Norman C. Blamey|Norman Charles Blamey
Hermann Burmeister|Burmeister|Karl Hermann Konrad Burmeister|Karl Hermann Konrad von Burmeister|Burmeist.
Emily Kngwarreye|Emily Kame Kngwarreye|Emily Kam Ngwarray
Johannes Gabrielse|Johannes Gabriëlse
Eduardo Leite Borba|Borba
Lacey Chabert|Lacey Nicole Chabert
Geoffrey Howe|Richard Edward Geoffrey Howe, Baron Howe of Aberavon|Sir Geoffrey Howe|The Lord Howe
Nicolas-Jean-Baptiste Raguenet|Nicolas Raguenet|Jean-Baptiste Raguenet
Gbenga Sesan|'Gbenga Sesan
Herbert Stone|H.Stone
John Hyatt Smith|J. Hyatt Smith
Alessandro Moreschi|Alessandro Nilo Angelo Moreschi
Zach McAllister|Zachary Taylor McAllister
Charles I, Duke of Brunswick-Wolfenbüttel|Karl I.
Cadoc|Cadog
Walter Haettenschweiler|Walter Friedrich Hättenschweiler|Walter Hättenschweiler
Aldo Musacchio|A.Musacchio
Edith Hannam|Edith Margaret Hannam|Edith Boucher
Njoo Kiem Bie|Koesbianto Setiadharma Atmaja
Ron Kent|Ronald E. Kent
J.-Wladimir Bienstock|Jean-Wladimir Bienstock
José B. Alcocer|José B. Alcocer|José Buenaventura Alcocer
Henry D. Flood|Henry De La Warr Flood
Anton Waisbecker|Waisb.
Tatjana A.(O.) Merezhko|Merezhko
Basil of Trebizond|Basil Megas Komnenos
Kevin Balkwill|K.Balkwill
Alexandr Alexandrovich Fischer von Waldheim|Alexandr Alexandrovich (Alexander Alexandrowitz) Fischer von Waldheim|A.A.Fisch.Waldh.
James Croft|Sir James Croft
John Spellman|John Franklin "Jack" Spellman|John Franklin Spellman|Jack Spellman
John Beckwith|Sir John Lionel Beckwith
Emilio Levier|Levier
Heywood Hardy|Haywood Hardy
Yelena Shevchenko|Yelena Nikolayevna Shevchenko
Jakob von Uexkull|Carl Wolmar Jakob von Uexküll
Bert Lee|Ernest Albert Lee
Matty James|Matthew "Matty" James
Eugene Henry O'Meara|Eugene O'Meara|O'Meara
Jack Boyd Buckley|Jack Buckley|Jack B. Buckley
Bob Crampsey|Robert Anthony Crampsey
Kingdom Yuen|Yuen King-tan|Yuen King-dan
Alfred Watt|Alfred Ian Watt
Master of the Tegernsee Passion|Master of the Tegernsee Altar
Dailín Belmonte|Daylín Belmonte
Khri ma lod|Thrimalö
Dwayne De Rosario|Dwayne Anthony De Rosario
Djoerje Ničić|Ničić
Christian von Schmaltz|Heinrich Christian von Schmaltz
Yong Keng Sima|Sima
Józef Hecht|Joseph Hecht
Cigoli|Ludovico Cardi|Lodovico Cardi|Lodovico Cardi-Cigoli|Lodovico Cardi da Cigoli|Ludovico Cardi Da Cigoli|il Cigoli|Ludovico Cigoli|Ciccoli|Lodovico Civoli|Ciccolo|Lodovico Gigoli|Ludovico Cardi da Cigoli|Ciccoli fiorentino|Cardi|Il Cigoli|Lodovico Cigoli|Civolio|Ludovico Cardi de Cigoli|Lodovico Cardi Cigoli|Civoli|Cìgoli|Cicoli|Lodovico Cardi Da Cigoli
George Davies Harley|George Davies
Dan Jones|Dan Richard Jones
Chiang Hsiao-wen|Alan Chiang
Gaku Yamamoto|Yamamoto Gaku
Galina Verina|Galina Vladimirovna Verina
Alfonso III of Asturias|Alfonso III de Asturias
Raul Lino|Paul Lino
Aleksei Serebryakov|Aleksey Valeryevich Serebryakov
Nila Håkedal|Nila Ann Håkedal
Frances Fitzroy Scudamore|Frances Scudamore, duchess of Beaufort|Frances Fitzroy-Scudamore
James McCauley|James Michael McCauley|Jim McCauley
Im Su-hyang|Im Soo-hyang|임수향|林秀香
Jim Thorn|James Thorn
Bartolomé Jiménez Patón|Bartolomé Ximénez Patón
Uli W. Steinlin|Uli Werner Steinlin
Ishwari Prasad Gupta|I.P.Gupta
Chris Zintzen-Bader|Chris Zintzen|Christiane Zintzen
Gheorghe Panaiteanu Bardasare|Gheorghe Panaiteanu Bardasare
Daisy Summers|Daisy Summer|Daisy Haze
Lucy Vodden|Lucy Vodden O'Donnell
Martin Williams|Martin Inffeld Williams
Craig Bryson|Craig James Bryson
Juan León Pallière|Jean Leon Pallière|Jean Leon Pailliere|Jean Leon Palliere|Jean Léon Palliere|León Palliere|Juan León Palliere
Aulus Aternius Varus|Aulus Aternius Varus Fontinalis
Henri Duhem|Henry Aime Duhem
Philippe Forquet|Philippe Forquet Viscount de Dorne
Tom Eastman|Thomas Michael Eastman
Roberto de Visiani|Vis.
Alfred Abraham Levinson|A. A. Levinson|Levinson A A
Louis C. Guillou|Louis Guillou
Frank A. Bicknell|Frank Alfred Bicknell|Frank Bicknell
Rene Alfred Anton Bustamante|Raab Bustamante|R.Bustam.
Sir Frank Mitchell|Frank Mitchell
Jeffrey Scholes|Jeff Scholes
Clay Ford|Clarence V. Ford
Aleksandr Antufyev|Aleksandr Fyodorovich Antufyev
Paul Skelt|Paul D. Skelt
Jeong Eun-pyo|Jung Eun-pyo|정은표|鄭殷杓
Richard Lodge|Sir Richard Lodge
Aad Berkhout|Adrianus Jacobus Berkhout
John Moleyns|Sir John Moleyns|John Molyns|Sir John Molyns|John Molines|Sir John Molines
Ana Cumpănaș|Anna Sage|Woman in Red|Ana Cumpanas
Bill Jones Afwani|Kenyan film director
Mathilde Willink|Maria Theodora Mathilde de Doelder
Christian Friedrich|Christian Louis Patrick Friedrich
Sergey Nurmamed|Sergei Nurmamed
Galip Akaydın|Akaydın
James King, 5th Earl of Kingston|James King
Jakob II Bernoulli|Jakob Bernoulli|Jacques Bernoulli
Caroline Subijano|Caroline Villarosa Subijano
Nathaniel Ward|Friend to the Parliament, city, and ministery of it,|One that desires to be faithful to his country, though unworthy to be named,
Emperor Xiaozong of Song|Zhao Shen
Martin Harris|Martin Clifford Harris
Walther Bacmeister|Walter Bacmeister
Zach Randolph|Zachary Randolph
Michèle Firk|Michele Firk|Michele Kirk
Sherin|Sherin Shringar
Tero Pitkämäki|Tero Pitkamaki
Viktor Abramov|Viktor Semyonovich Abramov
Master of Flora|Master Of Flora|Maître de Flore
Albert Julius Olsson|Julius Olsson|Albert Olsson
Vittorio Peglion|Peglion
Abel Murcia|Abel A. Murcia Soriano|Abel Murcia Soriano
George Mills|artist
Yuka Mamiya|Mamiya Yuka
Susanne Krauss|Susanne Krauß|Susanne Sutor
Margaret Burnet|Margaret Kennedy
Krystal|Krystal Jung|Jung Soo Jung|Jung Krystal|Krystal Jeong|Jeong Krystal|크리스탈 정|정 크리스탈|Chrystal Jung|Chrystal Jeong|Jung Chrystal|Jeong Chrystal|Chrystal Soo Jeong|Chrystal Su Jung|Chrystal Su Jeong|Jung Soo-jung|Jung Soojung|Jeong Soojung|Jeong Soo-jung|Jeong Soo Jung|Jung Su-jung|Jung Su Jung|Jung Sujung|Jung Su-jeong|Jung Su Jeong|Jung Sujeong|Jung Soo-jeong|Jung Soojeong|Jung Soo Jeong|Jeong Soo Jeong|Jeong Soo-jeong|Jeong Soojeong|Jeong Su-jeong|Jeong Su Jeong|Jeong Sujeong|정수정|정 수정|Soo Jung|Chrystal Soo Jung
Émile Idée|Emile Idee|Emile Idée
Giorgio Moroder|Giovanni Giorgio Moroder
Albert Delegue|Albert Delègue
Thomas Cockson|Thomas Coxon
Psalm One|Hologram Kizzie|Cristalle Bowen
Hans Friis|Hans Gabriel Friis
Roussan Camille|Nassour El Limac
Uno Ullberg|Uno Werner Ullberg
William Woodman Graham|William Graham
James K. Galbraith|James Kenneth Galbraith
John Tucker Campbell|John Campbell
Jean-Gabriel Charvet|J. C. Charvet
Kim Kibum|Kim Ki-beom
Tim DeKay|Timothy Robert "Tim" DeKay
Winston Reid|Winston Wiremu Reid
Carlo Barberini|Carlo, Cardinal Barberini|Cardinal Carlo Barberini
Úrsula Céspedes|la calandria
Luci Venuleu Apronià|Lucius Venuleius Apronianus Octavius Priscus
George Harris, 6th Baron Harris|George Harris|George Robert John Harris|George Robert John Harris, 6th Baron Harris
Greg Grant|Gregory Alan Grant
Augustus Dunbier|Augustus William Dunbier
Hotaru Hazuki|Hazuki Hotaru|Sayoko Ishii|Ishii Sayoko
Mario David|Jacques Paul Jules Marie David
Lyn May (kuinaza)|Lyan F
Igor Ivanov|Igor Sergeyevich Ivanov
Saied Al-Mutairi|Saeed Al-Mutairi
Donald Leroy Truesdell|Donald L. Truesdell|Donald Truesdell
Hugo Zimmermann|H.Zimm.
Grace Sherwood|Grace White Sherwood
Master of the Family of Saint Anne|Meester van de Familie van de Heilige Anna|Meester van Sint Lieven
Catherine W. Lukhoba|Catherine Lukhoba|Lukhoba
Anne Dick|Anne Mackenzie
William C. Chase|William Curtis Chase
Erick Dampier|Erick Trevez Dampier|Erick Travez Dampier
Merv Everett|Mervyn George Everett
Theodosia Abrams|Theodosia Fisher|Theodosia Garrow
Peter Friedrich Wilhelm, Duke of Oldenburg|Peter Friedrich Wilhelm|Peter Friedrich Wilhelm von Oldenburg
George Maciunas|Jurgis Mačiūnas|Yurgis Maciunas
Annewies van Winter|Anna Louisa Agatha van Winter
Agnes Allen|Agnes Banisten Allen
Henri Stehlé|Stehlé
Lorenz Hagemann|Laurentius Hagemann
Łukasz Jarosz|Lukasz Jarosz
Philipp Karl Buttmann|Philipp Buttmann
Cornelia Scheffer|Cornelia Marjolin-Scheffer
Neil Walker|Neil Scott Walker
Steinunn Sigurðardóttir|Steinunn Sigurdardóttir
Neelima Gupte|Neelima M. Gupte
Daniel Stringer|Stringer of Knutsford|Daniel Stringer of Knutsford
Cheikh Ya-Ya Dia|Cheikh Dia
John Harrington|Sir John Harrington
Eugenio Cruz Vargas|Cruz Vargas|Eugenio Cruz|Cruz, Eugenio|Cruz Vargas, Eugenio
Marc Dixon|J. Marc Loffet
Tommy Remengesau|Thomas Esang Remengesau, Jr.
Peter Bottomley|Sir Peter James Bottomley
Hans Winkler|H.K.A.Winkl.
Gunda Niemann-Stirnemann|Gunda Kleemann|Gunda Niemann
Albert Leffingwell|Albert J. Leffingwell
John Liu Dinghan|Liu Dinghan
Heneage Finch, 5th Earl of Aylesford|Heneage Finch
Duncan Ingraham|Duncan Nathaniel Ingraham
Friedrich Eisel|Fritz Eisel
Amel Bouchoucha|Amal Bouchoucha
Hans van Steenwinckel the Youngest|Hans van Steenwinckel III|Hans van, III Steenwinckel
Bonnie Tyler|Gaynor Hopkins|Sherene Davis
François Chéreau|François Chéreau the Elder
Geirþjófur Valþjófsson|Geirthjófur Valthjófsson
Bonaventura Puig Perucho|Buenaventura Puig y Perucho|Buenaventura Puig Perucho
Jung Chae-yeon|정채연
Fred van der Blij|Frederick van der Blij
Gísli Örn Garðarsson|Gísli Örn Gardarsson
Elena Tkach|Yelena Anatolyevna Tkach
Raymond van Barneveld|Barney (darts player)|The Man (darts player)
Edwin Grobe|Edwin Paul Grobe
Henry I, Count of Louvain|Henry I|Enric I de Lovaina
Tina Shek|Tina Shek Tin Yan
Sir Hugh Elliott, 3rd Baronet|Hugh Elliott
Archibald Motley|Archibald John Motley, Jr.|Archibald John Motley|Jr. Archibald John Motley|Jr. Archibald Motley|Archibald John, Jr. Motley
Marie Røpke|Marie Ropke
Marianna Candidi Dionigi|Marianna Dionigi Candidi|Marianna Dionigi|M. D.|Marianna Candidi|D. M.
Vyacheslav Bachin|Vyacheslav Aleksandrovich Bachin
Laelianus|Ulpius Cornelius Laelianus
David Coste|David Albert August Coste
Alexei Bychenko|Быченко, Алексей Юрьевич
Amélie Nothomb|Fabienne Nothomb|Fabienne Claire Nothomb|Amelie Nothomb
Paul Hübner|Paul HÜBNER
Wilfrid Richter|Wilfried Richter
Redd Foxx|John Elroy Sanford|John Sanford
James McGowen|James Sinclair Taylor McGowen
Libby Thompson|Haley, Mary Elizabeth,
Magomet Mokayev|Magomet Khasuyevich Mokayev
William Lane|William Ward Claypon Lane
Alexander Ross Clarke|Alexander Clarke
Louis Bertillon|Louis-Adolphe Bertillon|Bertill.
Domenico Aspari|Domenico Aspar
DJ LeMahieu|David John "DJ" LeMahieu
Augustine Roulin|Madame Roulin|Augustine-Alix Pellicot Roulin
Casey Affleck|Caleb Casey McGuire Affleck-Boldt
Paul Vogelsanger|Paul Vogelsanger (1880-1967)
Ismail Serageldin|Ismail Seregeldin
Claire Dodd|Dorothy Anne Dodd
Jemma Lowe|Jemma Louise Lowe
Dmitry Maevsky|Dmitry Ivanovich Mayevsky
G. Yu. Klinkova|Klinkova
Numa Denis Fustel de Coulanges|Fustel de Coulanges
Bernard de Jussieu|B.Juss.
Augustus Lukeman|Henry Augustus Lukeman|Henry Lukeman
Marcellus Coffermans|Marcellis Koffermans|Marcellis Coffermans|Marcellus Koffermans|Marcellius Koffermans|Marcellis Koffermaker|Marcellus Koffermaker
Ralph Mansfield, 4th Baron Sandhurst|Ralph Sheldon Mansfield|Ralph Sheldon Mansfield, 4th Baron Sandhurst
Alexander N. Uglizkich|Alexander N. Uglitzkich|Uglitzk.
Johan Carl Krauss|Krauss
Kruto|Cruto
Charles Gabriel Rivet|Rivet
Carmen de Icaza|VIII Baronesa de Claret|María Carmen de Icaza y de León|Valeria de León
Henri van Dijk|H.C.J.M. van Dijk|Henricus Conradus Josephus Maria van Dijk
Charles Lallemand|Charles Jean-Pierre Lallemand
Jan Pijnenburg|Johannes Baptist Norbertus Pijnenburg
Malachi Thruston|Malachias Thrustone|Malachy Thruston
Mark M. Dintenfass|Mark Dintenfass
Samantha Saint|Elizabeth Ann Weaver
Nikolay Alexeyev|Nikolay Aleksandrovich Alekseyev
Katel|Karen Lohier
Maksim Mussel|Maksim Konstantinovich Mussel
Stephen Wai|Stephen Wai Tung|Stephen Wei|Wei Tung|Wai Tung|Tung Wei|Tung Wai|Stephen Wai TUNG
John Harris Jones|John Jones
Jacob Kramer|Johannes Jacobus Kramer|J.J. Kramer
James Erskine, 6th Earl of Buchan|James Erskine
Ernest Dowson|Ernest Christopher Dowson
David Lee|David Y. Lee
Peter I of Courtenay|Pierre de France
Michael Hopkins|Sir Michael Hopkins
Maria Elektrine von Freyberg|Maria Electrina Stuntz|Electrina Von Freyberg|Electrine von Freyberg|Maria Electrina von Freyberg|Electrina Stuntz|Electrina Freifrau von Freyberg|Maria Electrine Freyberg-Eisenberg|Electrina von Freyberg
Nikolay Naritsyn|Nikolay Nikolayevich Naritsyn
Yevgeny Deryomov|Yevgeny Davydovich Deryomov
Louise of Lorraine|Louise of Guise
Juan Bautista de Acevedo|Juan Bautista Acevedo Muñoz
Joakim Thåström|Thåström
Kevin Zegers|Kevin Joseph Zegers
Jorge Liberato Urosa Savino|Cardinal Urosa
Max Miller|Thomas Henry Sargent|The Cheeky Chappie
Jacqueline Pavlowsky|Jacqueline Pavlovsky
Jiří Soják|Soják
Karl Anton Henschel|Carl-Anton Henschel
Konstantin Istomin|Konstantin Nikolaevich Istomin
Æthelmund|Aethelmund
Yurii Reshetnyak|Yury Grigoryevich Reshetnyak
Jørn Utzon|Joern Utzon|Jørn Oberg Utzon
Jan Evert Morel|Jan Evert (II) Morel|Jan Evert Morel (II)|Jan Evert II Morel|Jan Evert, II Morel|Jan Evert Morel II
Christian Rivero|Cristian Rivero
Thomas Maxwell Harris|T.M.Harris
George Pratt, 2nd Marquess Camden|Viscount Bayham|Earl of Brecknock|George Charles Pratt
Peter Shaffer|Sir Peter Levin Shaffer
Ignacio Vizcargüénaga Arriortua|Casiano Vizcargüenaga Arriortua
Mike Black|Peter Michael Black
William Morrison, 1st Viscount Dunrossil|William Shepherd Morrison, 1st Viscount Dunrossil|William Shepherd Morrison
Coosje van Bruggen|Coosje Bruggen|Coosje van Bruggen-Oldenburg|Coosje Van Bruggen|Coosje van Bruggen- Oldenburg|J.W.H. van Bruggen|Jacoba Wilhelmina Hendrika van Bruggen
Sidney G. Winter|Sidney Graham Winter
Jean Marie Bosser|Bosser
John Graham MacDonald Burt|John Graham Burt
Kurt Lewin|K.Lewin
Caspar Coolhaes|Casparus Coelhasius|Caspar Janszoon Coelhaes
Jeffrey Titford|Jeffrey William Titford
John Neild|J. C. Neild|John Cash Neild
Vsevolod Bagno|Vsevolod Yevgenyevich Bagno
Janine Hendy|Jannin Hendy|Jeanine Hendy|Jenny Hendy
Hitonari Tsuji|Jinsei Tsuji
Mats Sundin|Sundin|Sudden
Anton Korolev|Anton Korolyov
Evgeny Artyukhin|Yevgeny Yevgenyevich Artyukhin
Gabriel Cualladó|Gabriel Cuallado
Budge Wilson|Budge Marjorie Archibald Wilson|Budge Marjorie Wilson
Jack Van den Eynde|John Evelyn Adolf Frank Van den Eynde|John Van den Eynde
Eva Besnyö|Eva Besnyo|Eva Marianne Besnyö|Eva Besnyő
Boris Pasternak|Boris Natanovich Pasternak
Jan van den Brink|Jan Hendrik Willem van den Brink
Christian Sigmund Pfann|Christian Pfann
Prince Maximilian of Wied-Neuwied|Wied-Neuw.
George Seton, 6th Lord Seton|George Seton IV|4th Lord Seton
Julio Alberto Moreno|Julio Alberto Moreno Casas
James Olthuis|James H. Olthuis|James Herman Olthuis
Lut De Block|Lutgarde Jozef Amandine De Block
Jean Auguste Emil Bataille|Jean-Auguste-Emile Bataille|Jean Auguste Émile Bataille
Princess Anne of England|Anne of England
James Omagbemi|Jimmy Omagbemi
Ivan Malyshevsky|Ivan Ignatevich Malyshevskii
Henry Clay|Henry Clay, Sr.
Yi Je-hyun|Yi Che-hyŏn|Siljae, Yok'ong ho Ikjae|Ik-che Yi|Che-hyŏn Yi|Yŏgong Yi|Ikchae Yi|Nag-ong Yi|cha Chungsa|Ikche Yi|Yŏg-ong Yi|Nagong Yi
Mariana Karr|Maria Elena Coppola Gonzalez
Sir Harry Vernon, 1st Baronet|Harry Vernon|Harry Foley Vernon
Akiho Sendō|Sendō Akiho|Sendo Akiho|Akiho Sendo
Daniel Frederick Ryan|Daniel Ryan
Boris Fedtschenko|B.Fedtsch.
Cristian Maidana|Cristian Óscar Maidana|Cristian Omar Maidana
Oleksiy Lelyuk|Aleksei Vladimirovich Leliuk
Nikolaï Kouznetsov|Nicolai Ivanowicz Kusnezow|Kusn.
Thomas Lister, 4th Baron Ribblesdale|Thomas Lister
Truls Mørk|Truls Mork
Pavel Smirnov|Pavel Aleksandrovich Smirnov
Robert Howell Hall|Robert Hall
John H. Hamline|John Henry Hamline
Walter Medley Tattersall|W. M. Tattersall|Tattersall
Yann Larhantec|Yann Larc'hantec
Chen Lihua|Chan Laiwa
John Asbury Elliott|J.A.Elliott
Tsubasa Nakae|Nakae Tsubasa|中江翼
Henry Wilson, 11th Baron Berners|Henry Wilson|Henry William Wilson|Henry William Wilson, 11th Baron Berners
Jean I Restout|Jean Restout|Jean Restout I|Jean Restout the Elder|Jean, the elder Restout|Jean, I Restout
Leela Sumant Moolgaokar|Leela Moolgaokar
George J. Morgan|George Morgan
Isabella Dickson|Mrs. William Makim Thomas|Isabella Thomas|William Makim Thomas
John Bruce Hope|John Hope
Alfred Parsons|Alfred William Parsons
Kate Ziegler|Kate Marie Ziegler
Mikhail Basov|Mikhail Mikhaylovich Basov
Xue Jiru|Chi Ju Hsueh|Hsüeh Chi-ju|Ji Ru Xue|Hsueh
Shih Ming-teh|Shih Ming-te
Archibald Campbell|Archibald Douglas
Jan Jacob Teyler van Hall|J. J. Teyler van Hall|J. van Hall
Melchior Doze|Jean Marie Melchior Doze|Jean-Marie M. Doze|Melchior Jean Marie Doze|Jean-Marie-Melchior Doze|Jean-Marie Melchior Coze
Edward Haytley|Edward Hateley
Consuelo Fould|Mme Consuelo-Fould|Consuelo-Fould
Garret Hobart|Garret Augustus Hobart
Han Dong-Jin|Dong-Jin Han
William Simpson|William John Sparrow Simpson
Keith Smith|Alton Keith Smith, Jr.
Harold James|Harold Douglas James
Lilian Gibbs|Gibbs|Lilian Suzette Gibbs
Hugh IV, count of Nordgau|Hug V d'Alsàcia
Gigino Battisti|Luigi Battisti
James D. Morefield|Morefield
T. C. Christensen|Tom C. Christensen
Baron d'Holbach|Paul-Henri Thiry, Baron d'Holbach|Paul-Henri Thiry, baron d'Holbach
Chiang Kai-Hsin|Chiang Kai-hsin|Chiang Kai Hsin
Theotmar di Salisburgo|Dietmar I, Archbishop of Salzburg
Jan G. Waldenström|Jan Waldenström|Jan Gösta Waldenström
Hafliði Hallgrímsson|Haflidi Hallgrímsson
Guillaume Coustou the Younger|Guillaume, II Coustou|Guillaume Coustou II
William B. Cooper|William Bryant Cooper
Adelaide Jeanne Henriette van Pallandt|A.J.H. van Pallandt
Chatarina Larsson|Ingrid Chatarina Larsson
Georgii S. Gorshkov|Georgii Stepanovich Gorshkov
Sir Cecil Bishopp, 4th Baronet|Cecil Bishopp
Sean M. Keel|Sean Keel
Tony Abbott|Anthony John Abbott|Anthony John "Tony" Abbott
Gerrit Johan van Leeuwen|Gerrit Johan Van Leeuwen
Lloyd R. Welch|Lloyd Richard Welch|Lloyd Welch
Whip Hubley|Grant Shelby "Whip" Hubley, Jr.
Ivan Glebov|Ivan Fyodorovich Glebov
Bob Larmore|Red Larmore|Robert McKahan Larmore
Alan Bird|Alan Charles Bird
Franz Faldermann|Faldermann
Bert Bushnell|Richard "Dickie" Desborough Burnell
Kenneth Mackenzie|Seaforth Mackenzie|Kenneth Ivo Brownley Langewll Mackenzie
Barrington Campbell, 5th Baron Blythswood|Barrington Campbell|Barrington Sholto Campbell|Barrington Sholto Campbell, 5th Baron Blythswood
Daniel Habib|Habib
Jacques Préboist|Jacques-Marcel Préboist
Karl(Carl) Techet|Techet
Shinobu Ōta|Shinobu Ota
Ulrich Hesse|Ulrich Hesse-Lichtenberger
Gregory Benford|Gregory Albert Benford
Buster Crabbe|Clarence Linden Crabbe, II
John Miller|John Joseph Miller
Satoshi Miki|Miki Satoshi
Oleksandr Turchynov|Oleksandr Valentynovych Turchynov
Carl Kau|Carl Daniel Maria Kau
Edwin Conklin|Edwin Grant Conklin
James H. Pomerene|James Herbert Pomerene
Lodrö Chökyong|Muli Khyabgon 01 Lodro Chokyong
Juh|He Brings Many Things With Him,
Edmund Lacon|Sir Edmund Lacon, 3rd Baronet
Sergey Isaev|Sergei Vladimirovich Isaev
Sergio Castiglione|Argentinian photographer
Charles Macomb Flandrau|Charles M. Flandrau
Edmond Lebel|Edmond Louis Victor Lebel
Itō Toyoo|Ito Toyo|Toyoo Itoh|Toyo Ito|Toyō Itō
John Dawes|Sydney John Dawes
Wim Hof|Iceman
Arnold Peralta|Arnold Fabian Peralta Sosa
Olof Hammarsten|Olaf Hammarsten
Raymond Dennis|Sir Raymond Dennis|Herbert Raymond Dennis|Sir Herbert Raymond Dennis
Marko Jevtović|Marko Jevtovic
Charles Dankmeijer|Carel Bernardus Dankmeijer|Carel Dankmeyer|Charles Dankmeyer|Charles Bernardus Dankmeyer|Carel B. Dankmeyer
Ally Carter|Sarah Leigh Fogleman
Ludwig Adam Kunz|Ludwig A. Kunz|Ludwig Adam|Adam Kunz
Mariya Onolbayeva|Mariya Asanovna Onolbayeva
Greville Janner, Baron Janner of Braunstone|Greville Ewan Janner, Baron Janner of Braunstone
Arthur Lidov|Arthur Herschel Lidov|Arthur H. Lidov|Arthur Lidov
Ioamnet Quintero|Ioamnet Quintero Alvarez
Marc Wright|Marcus Snowell Wright|Marcus Snowell "Marc" Wright
Loring Christie|Loring Cheney Christie
Mikhail Maslennikov|Mikhail Albertovich Maslennikov
Cvetko Zagorski|Cveto Zagorski
Charles Du Val|Charles Henry Du Val
Miko Castaneda Brando|Miko C. Brando
Tsumura Hideo|津村 秀夫
Natalie Nougayrède|Natalie Nougayrede|Nathalie Nougayrède
George Abiah Hibbard|George A. Hibbard
Karen Fukuhara|Karen_Fukuhara
Hugh of Chalcombe|Hugh of Chaucombe|Hugh de Chaucombe
Ahatanhel Krymsky|krymsi
James Young|James A. Young
Vladimir Stratanovich|Vladimir Fedosyevich Stratanovich
Lize Joubert|L.Joubert
Thomas Frenzel Mumford|Mumford
Lola Aronovich|Dolores Aronovich Aguero
Iela Mari|Gabriella Ferrano
Elizabeth F. Summers|Elizabeth Summers
Robert Austin|Robert Sargent Austin
Stuart Devenie|Stuart Forbes Devenie
James Shumway|James Hyrum Shumway
Zdeno Sychra|Zdeněk Sychra
Joshua Onomah|Joshua "Josh" Onomah
Fatima al-Fihri|Fatima al Fihri
Jamie McKee|James McKee
Ben Gimbert|Benjamin Gimbert
Hassan Koeman Sesay|Hassan Sesay
Carroll Emory Wood|C.E.Wood
Eadgyth|Edith of England|Ædgyth
Christian Hansen|Hans Christian Hansen
Abdul Subhan Qureshi|Tauqeer
Bob Alexander|Robert Somerville Alexander
Wentworth Cheswell|Wentworth Cheswill
Herman Johannes van der Weele|Herman Johannes Van Der Weele
Betsy Sholl|Elizabeth Sholl
Marged ferch Tomos|Margaret ferch Thomas
Thomas Monro|Thomas, Dr. Monro
Joseph Collyer|Joseph Collyer the Younger
John Caunter|John Hobart Caunter
Anton V Schattenberg|AV Schattenberg
Cornelis Vermeulen|Cornelis Martinus van der Meulen|Cornelis Martinus Vermeulen
Kaci Kullmann Five|Karin Cecilie Kullmann
Paulinho|José Paulo Bezerra Maciel Júnior
Lyudmila Gromova|Lyudmila Pavlovna Gromova
James Ogilvy, 7th Earl of Findlater|James Ogilvie Seafield|James, Earl of Findlater and Seafield Ogilvy|James, Earl of Seafield Ogilvie|James Ogilvie Findlater|James Ogilvy, Earl of Findlater and Seafield|Earl of Seafield James Ogilvy|James Ogilvie Deskford|James Ogilvie Earl of Seafield
Aleksander Usov|Aleksandr Viktorovich Usov
Robert Mitchell Meadows|Robert Meadows|R. M. Meadows
Kazuo Funaki|Shigeyuki Ueda
Clint Mansell|Clinton Darryl "Clint" Mansell
Jan Władysław Obłąk|Jan Oblak
Edita Guerrero|Edda Guerrero Neira
B. B. Gurung|Bhim Bahadur Gurung
Thomas Robinson|Tom Robinson
Doze Niu|Doze, Niu Chen-Zer
Ville Ranta|Ville Matias Ranta
Henry Grantham|Henry Granthan
Zara Prassinot|Sarah Prassinot
KK|Krishnakumar Kunnath|Kay Kay
George Eyre-Powell|Commander George Eyre-Powell RN
Mathurin Jacques Brisson|Briss.|Brisson
Josef Hlinomaz|Hlinomaz Josef
Alexander Jackson Davis|A. J. Davis
Henry Perrault|Henri Paul Perrault
Eric Liddell|Eric Henry Liddell
Diego Rivera|José Diego María Rivera|Diego Rivera y Barrientos Acosta y Rodríguez|Diego Rivera Barrientos|Diego María Concepcíon Juan Nepomuceno Estanislao de la Rivera|Diego María Concepción Juan Nepomuceno Estanislao de la Rivera y Barrientos Acosta y Rodríguez|Diego María de la Concepción Juan Nepomuceno Estanislao de la Rivera y Barrientos Acosta y Rodríguez
George W. Hood|George Hood|George Washington Hood
Jaroslav Lohrer|Jaroslav Lom
Veneranda Lemos|Veneranda M. Lemos Martins
Hong Mujin|Hong Mu-jin
Marina Burmistrova|Marina Nikolayevna Burmistrova
William Williams|Creuddynfab
Svetlana Aliyeva|Svetlana Umarovna Aliyeva
Carolyn Dennis|Carol Dennis|Carol Dennis-Dylan
Johannes Vollevens|Johannes (I) Vollevens|Johannes Vollevens I|Johannes, I Vollevens|Jan I Vollevens|Jan, I Vollevens
Jérôme Policand|Jerome Policand
Mark Ayzerman|Mark Aronovich Ayzerman
Omar Suleiman|Omar Sulaiman
John Bartholomew Hall|J.B.Hall
Carel Fabritius|Carel Pietersz. Fabritius|Carel Fabricius|Carolus Pietersz. Fabritius|Carolus Pietersz. Fabricius|Karel Fabricius|Karel Fabritius|Carolus Fabritius|Carel Fabrice
Philip Darcy|Philip Darcy, 3rd Baron Darcy
K. Lucjan Przepiórski|K. Lucjan Przepiorski|K. Lucien Przepiorski|Lucien Przepiorski
Roger Sillans|Sillans
Vladimir Sukachev|Sukaczev
Quentin Richardson|Quentin L. Richardson
Helle Crafts|Helle Lorck Nielsen
Hieronymus Janssens|Den Danser Janssens|Jeroom den Danser Janssens|Jeroom Janssens
William Cox|William Thomas Cox
Johann Jakob Stevens von Steinfels|Johann Jacob Stivens|Johann Jacob Stevens|Johann Jacob Stephens|Johann Jakob Stevens|Johann Jacob Stephani|Johann Jacob Steffens|Johann Jacob Stephan|Johann Jacob Steinfels
Gaston Durnez|Gaston Cyriel Durnez
Jeffrey Zheng Yu Guang|Jeffrey Chueng
George Hutchins|Sir George Hutchins
Ozzy Osbourne|John Michael "Ozzy" Osbourne|John Michael Osbourne
Mike Patterson|Michael Lee "Mike" Patterson
Ildefonso Barrera Martínez|Barrera
Kōno Bairei|Kono Bairei|Shijun|Bairei Kono|Bairei Kōno|Bairei|幸野楳嶺|Kôno Bairei
Franz Ludwig Raufft|Franz Ludwig Raff|Franz Ludwig Rouw|Franz Ludwig Rauft
Pablo Pinillos Caro|Pablo Pinillos
René Jørgensen|René Jorgensen
James Kennedy|Sir James Kennedy
Jan van Rossum|Johan Van Rossum|Jan van Rossem|Johan Van Rossem
Nando Orfei|Ferdinando Orfei
John Spenser|John Tyrrwhit|John Hatcliffe
Stina Ekblad|Stina Åsa Maria Ekblad
Antoni Kucharczyk|Jantek z Bugaja|Antek z Bugaja|Bartek Mądrala|Jantek Bugański|Jantek z Bugaja parobek wiejski|Maciek Bzdura
Gord Kuhn|Gordon Doggie Kuhn|Gordon Frederick Kuhn|Doggie Kuhn
Sir Christopher Nugent, 6th Baronet|Christopher Nugent
Sir George Larpent, 1st Baronet|George Larpent|Sir George Larpent|George Gerard de Hochepied Larpent|Sir George Gerard de Hochepied Larpent|Sir George Gerard de Hochepied Larpent, 1st Baronet
Patricio Ormazábal|Patricio Ormazabal
Étienne Boileau|Etienne Boileau
Étienne Wolff|Etienne Wolff
Guo Tao|Tao Guo
Malachi Kittridge|Malachi Jeddidah Kittridge
Manuel Rendón Seminario|Manuel Rendon|Manuel Rendón
Artem Krasylnykov|Artem Olegovych Krasylnykov|Artyom Krasilnikov
Lee Gyeong-yeong|Lee Kyoung-young|Lee Kyeong-yeong|이경영|Lee Geung-young
Will Longstaff|William Frederick Longstaff|William Francis Longstaff|William Longstaff
Jan van der Steen|Jan Stone
Émile Vernon|Emile Vernon
Walter Mucher|W.Mucher
Mickey Carroll|Michael Finocchiaro
Willem Pauwels|Wilchar
Aarne Ervi|Aarne Adrian Ervi|Aarne Adrian Elers|Aarne Elers
Sergei Udaltsov|Sergey Stanislavovich Udaltsov
Yamada Kenesu|Kenneth Manao Yamada
Cor Reisma|Cornelis Reisma
Aleksandr Krel|Aleksandr Aleksandrovich Krel
Maria L. Gini|Maria Gini
Ladislas Starevich|Władysław Starewicz
Anne Collette|Anne Colette
Berengar|Berengar of Verdun
Nikolay Dobretsov|Nikolay Leontyevich Dobretsov
Eugène Delacroix|Ferdinand Victor Eugène Delacroix|Ferdinand-Victor-Eugène Delacroix|Ėzhen Delakrua|Ĭozhen Dʹolakroa|Ferdinand-Victor-Eugene Delacroix|Eugene Delacroix|יוג'ין דלקרוא|Ferdinand-Eugène-Victor Delacroix|Ūjīn Dīlakruwā|Ferdinand Victor Eugene Delacroix|Eugenios Ḏelakroua|דלקרוא|Ūjēnu Dorakurowa
John Thomson|John S. Thomson
Caroline Chepkwony|Caroline Jepchirchir Chepkwony|Caroline Chepchirchir Chepkwony
Alexander Tettey|Alexander Banor Tettey
Mattie Hite|Matie Hite
Mordechai Piron|Mordechai Peron
John Richardson Young|Young, John Richardson
Konstantin Sharangovich|Kanstancin Piatrovič ŠARANHOVIČ|Канстанцін Пятровіч Шаранговіч
Sergei Wladimirowitsch Wostokow|Sergei Vostokov
Kate Macaulay|Kate MacAulay
Lúcia Garcez Lohmann|L.G.Lohmann
Wendy Turnbull|Wendy May Turnbull
Frank Bonsall|Frank Featherstone Bonsall
Matsudaira Nobuhiro|Hayashi Junpei
Jerald Clark|Jerald Dwayne Clark
Billy Davis|Bill Davis
Bruno Baeriswyl|Bruno Bæriswyl|Bruno Bäriswil
Shelby L. Stanton|Shelby Stanton
Aleksandr Ryabenko|Aleksandr Yakovlevich Ryabenko
Joseph E. Persico|Joe Persico
Kevin Cairns|Kevin Michael Kiernan Cairns
Mikayel Chamchian|Michael Chamich
Ingrid Bachér|Ingrid Bacher|Ingrid Erben|Ingrid Schwarze
Nicola Levoli|Niccola Agostiniano Levoli
Jacques Edouard Ledure|Jacques Ledure
Alexis Marie Lahaye|Alexis-Marie Lahaye|Alexis Lahaye
Olga Romanova|Olga Aleksandrovna Romanova
Ben Wierink|Bernard Willem Wierink|Bernhard Willem Wierink|Oom Ben|Willem Wierink
Geoffrey Watts Padwick|Padwick
Alvaro Arzú Escobar|Alvaro Arzú Escobar
Oleg Shargorodsky|Oleg Vitalyevich Shargorodsky
Michael Fisher|Michael Ellis Fisher
W.W. Young|W. W. Young
Naoki Nishimura|N.Nishim.
Oliver Hart|Oliver Simon D'Arcy Hart
Jacques Clarion|Clarion
Jane Roberts|Dorothy Jane Roberts
Jean-Charles Gross|Jean-Charles-Marie-Joseph Gross
Lívia Godinho Temponi|Temponi
Marcelo de Souza|Marcelo Alejandro De Souza
Alexander Eckener|Alex Eckener
Gannosuke Ashiya|Ashiya Gannosuke
Andżelika Borys|Andzelika Borys
Daniel G. Reid|Daniel Gray Reid
John Bowden|John Stephen Bowden
Maximilian Planer|Max Planer
Bill Thomas|William A. Thomas, Jr.
Nicholas D. Coleman|Nicholas Daniel Coleman
Amos Gitai|Amos Gitaï
Charles A. Graves|Charles Alfred Graves
Alexandra|Doris Nefedov|Doris Treitz
Astrid Pollmann|Astrid Ann Marie Pollmann
Heinrich Carl Meinig|Henrik Carl Meinig
Zevi Wolmark|Stewart Wolmark
Heinrich Hasselbring|Hasselbr.
Billy Graham|"Superstar" Billy Graham
Carmelo González|Carmelo
Robert Fatou|Robert Ernest Henry Marie Fatou
Jacopo della Quercia|Jacopo Della Quercia|Jacopo della Fonte|Jacopo Di Pietro D'Angelo Quercia|Jacopo di Piero|di Pietro d'Angelo|Giacomo di Piero della Fonte|della Guercia|Jacopo di Pietro d'Angelo|Jacopo Pieri Angeli|della Fonte
Boris Ivanyuzhenkov|Boris Viktorovich Ivanyuzhenkov
Dickie Moore|John Richard Moore, Jr.
Ilah Marian Kibbey|Ilah Kibbey
Chloe Bennet|Chloe Wang→Chloe Bennet
Joseph V. Noble|Joseph Noble
Felicja Curyłowa|Felicja Curyło|Felicja Curylowa
Wilhelmina Weber Furlong|Weber Furlong
Avi Lerner|Millennium Films
Thomas(ine) Hall|Thomas Hall|Thomasine Hall|Thomas/ine Hall
Duchess Mathilde Ludovika in Bavaria|Mathilde Ludovika in Bayern
João Kosilek Júnior|Kosilek
Dariusz Jabłoński|Dariusz Jablonski
Ginger Zee|Ginger Renee Colonomos|Ginger Renee Zuidgeest
Tobias Matthay|Tobias Augustus Matthay
Min Jun-gi|Min Joon-ki
William Birkinshaw Wilkinson|William Wilkinson
Frank Auerbach|Frank Helmuth Auerbach
Veit Hirschvogel the Elder|Veit, the elder Hirschvogel
Manuel García Caluff|Caluff
Curtis Borchardt|Curtis Alan Borchardt
Charles H. Everett|Charles Everett
